Filename, population size, elitism percentage, mutation rate, score
tuning_sets/tune_600_a.txt,10,0.0,0.0,-389
tuning_sets/tune_600_a.txt,10,0.0,0.0,-425
tuning_sets/tune_600_a.txt,10,0.0,0.0,-450
tuning_sets/tune_600_a.txt,10,0.0,0.0,-450
tuning_sets/tune_600_a.txt,10,0.0,0.0,-419
tuning_sets/tune_600_b.txt,10,0.0,0.0,-291
tuning_sets/tune_600_b.txt,10,0.0,0.0,-229
tuning_sets/tune_600_b.txt,10,0.0,0.0,-337
tuning_sets/tune_600_b.txt,10,0.0,0.0,-392
tuning_sets/tune_600_b.txt,10,0.0,0.0,-279
tuning_sets/tune_600_c.txt,10,0.0,0.0,-290
tuning_sets/tune_600_c.txt,10,0.0,0.0,-392
tuning_sets/tune_600_c.txt,10,0.0,0.0,-278
tuning_sets/tune_600_c.txt,10,0.0,0.0,-279
tuning_sets/tune_600_c.txt,10,0.0,0.0,-436
tuning_sets/tune_600_d.txt,10,0.0,0.0,-215
tuning_sets/tune_600_d.txt,10,0.0,0.0,-186
tuning_sets/tune_600_d.txt,10,0.0,0.0,-330
tuning_sets/tune_600_d.txt,10,0.0,0.0,-328
tuning_sets/tune_600_d.txt,10,0.0,0.0,-189
tuning_sets/tune_600_e.txt,10,0.0,0.0,-304
tuning_sets/tune_600_e.txt,10,0.0,0.0,-324
tuning_sets/tune_600_e.txt,10,0.0,0.0,-370
tuning_sets/tune_600_e.txt,10,0.0,0.0,-250
tuning_sets/tune_600_e.txt,10,0.0,0.0,-355
tuning_sets/tune_600_a.txt,10,0.0,0.1,1975
tuning_sets/tune_600_a.txt,10,0.0,0.1,1783
tuning_sets/tune_600_a.txt,10,0.0,0.1,1569
tuning_sets/tune_600_a.txt,10,0.0,0.1,1755
tuning_sets/tune_600_a.txt,10,0.0,0.1,1769
tuning_sets/tune_600_b.txt,10,0.0,0.1,1835
tuning_sets/tune_600_b.txt,10,0.0,0.1,1739
tuning_sets/tune_600_b.txt,10,0.0,0.1,1720
tuning_sets/tune_600_b.txt,10,0.0,0.1,1751
tuning_sets/tune_600_b.txt,10,0.0,0.1,1894
tuning_sets/tune_600_c.txt,10,0.0,0.1,1783
tuning_sets/tune_600_c.txt,10,0.0,0.1,1755
tuning_sets/tune_600_c.txt,10,0.0,0.1,1874
tuning_sets/tune_600_c.txt,10,0.0,0.1,1764
tuning_sets/tune_600_c.txt,10,0.0,0.1,1838
tuning_sets/tune_600_d.txt,10,0.0,0.1,1847
tuning_sets/tune_600_d.txt,10,0.0,0.1,1776
tuning_sets/tune_600_d.txt,10,0.0,0.1,1838
tuning_sets/tune_600_d.txt,10,0.0,0.1,1770
tuning_sets/tune_600_d.txt,10,0.0,0.1,1812
tuning_sets/tune_600_e.txt,10,0.0,0.1,1830
tuning_sets/tune_600_e.txt,10,0.0,0.1,1834
tuning_sets/tune_600_e.txt,10,0.0,0.1,1748
tuning_sets/tune_600_e.txt,10,0.0,0.1,1777
tuning_sets/tune_600_e.txt,10,0.0,0.1,1887
tuning_sets/tune_600_a.txt,10,0.0,0.2,2176
tuning_sets/tune_600_a.txt,10,0.0,0.2,2156
tuning_sets/tune_600_a.txt,10,0.0,0.2,2116
tuning_sets/tune_600_a.txt,10,0.0,0.2,2166
tuning_sets/tune_600_a.txt,10,0.0,0.2,2107
tuning_sets/tune_600_b.txt,10,0.0,0.2,2194
tuning_sets/tune_600_b.txt,10,0.0,0.2,2220
tuning_sets/tune_600_b.txt,10,0.0,0.2,2155
tuning_sets/tune_600_b.txt,10,0.0,0.2,2236
tuning_sets/tune_600_b.txt,10,0.0,0.2,2182
tuning_sets/tune_600_c.txt,10,0.0,0.2,2225
tuning_sets/tune_600_c.txt,10,0.0,0.2,2043
tuning_sets/tune_600_c.txt,10,0.0,0.2,2136
tuning_sets/tune_600_c.txt,10,0.0,0.2,2125
tuning_sets/tune_600_c.txt,10,0.0,0.2,2137
tuning_sets/tune_600_d.txt,10,0.0,0.2,2165
tuning_sets/tune_600_d.txt,10,0.0,0.2,2144
tuning_sets/tune_600_d.txt,10,0.0,0.2,2057
tuning_sets/tune_600_d.txt,10,0.0,0.2,2206
tuning_sets/tune_600_d.txt,10,0.0,0.2,2059
tuning_sets/tune_600_e.txt,10,0.0,0.2,2190
tuning_sets/tune_600_e.txt,10,0.0,0.2,2165
tuning_sets/tune_600_e.txt,10,0.0,0.2,2151
tuning_sets/tune_600_e.txt,10,0.0,0.2,2117
tuning_sets/tune_600_e.txt,10,0.0,0.2,2144
tuning_sets/tune_600_a.txt,10,0.0,0.3,2310
tuning_sets/tune_600_a.txt,10,0.0,0.3,2401
tuning_sets/tune_600_a.txt,10,0.0,0.3,2333
tuning_sets/tune_600_a.txt,10,0.0,0.3,2280
tuning_sets/tune_600_a.txt,10,0.0,0.3,2353
tuning_sets/tune_600_b.txt,10,0.0,0.3,2319
tuning_sets/tune_600_b.txt,10,0.0,0.3,2332
tuning_sets/tune_600_b.txt,10,0.0,0.3,2332
tuning_sets/tune_600_b.txt,10,0.0,0.3,2418
tuning_sets/tune_600_b.txt,10,0.0,0.3,2287
tuning_sets/tune_600_c.txt,10,0.0,0.3,2404
tuning_sets/tune_600_c.txt,10,0.0,0.3,2291
tuning_sets/tune_600_c.txt,10,0.0,0.3,2319
tuning_sets/tune_600_c.txt,10,0.0,0.3,2387
tuning_sets/tune_600_c.txt,10,0.0,0.3,2328
tuning_sets/tune_600_d.txt,10,0.0,0.3,2284
tuning_sets/tune_600_d.txt,10,0.0,0.3,2319
tuning_sets/tune_600_d.txt,10,0.0,0.3,2264
tuning_sets/tune_600_d.txt,10,0.0,0.3,2376
tuning_sets/tune_600_d.txt,10,0.0,0.3,2289
tuning_sets/tune_600_e.txt,10,0.0,0.3,2261
tuning_sets/tune_600_e.txt,10,0.0,0.3,2252
tuning_sets/tune_600_e.txt,10,0.0,0.3,2304
tuning_sets/tune_600_e.txt,10,0.0,0.3,2266
tuning_sets/tune_600_e.txt,10,0.0,0.3,2337
tuning_sets/tune_600_a.txt,10,0.0,0.4,2293
tuning_sets/tune_600_a.txt,10,0.0,0.4,2449
tuning_sets/tune_600_a.txt,10,0.0,0.4,2409
tuning_sets/tune_600_a.txt,10,0.0,0.4,2403
tuning_sets/tune_600_a.txt,10,0.0,0.4,2404
tuning_sets/tune_600_b.txt,10,0.0,0.4,2445
tuning_sets/tune_600_b.txt,10,0.0,0.4,2485
tuning_sets/tune_600_b.txt,10,0.0,0.4,2462
tuning_sets/tune_600_b.txt,10,0.0,0.4,2463
tuning_sets/tune_600_b.txt,10,0.0,0.4,2425
tuning_sets/tune_600_c.txt,10,0.0,0.4,2419
tuning_sets/tune_600_c.txt,10,0.0,0.4,2337
tuning_sets/tune_600_c.txt,10,0.0,0.4,2404
tuning_sets/tune_600_c.txt,10,0.0,0.4,2367
tuning_sets/tune_600_c.txt,10,0.0,0.4,2426
tuning_sets/tune_600_d.txt,10,0.0,0.4,2406
tuning_sets/tune_600_d.txt,10,0.0,0.4,2462
tuning_sets/tune_600_d.txt,10,0.0,0.4,2380
tuning_sets/tune_600_d.txt,10,0.0,0.4,2452
tuning_sets/tune_600_d.txt,10,0.0,0.4,2437
tuning_sets/tune_600_e.txt,10,0.0,0.4,2385
tuning_sets/tune_600_e.txt,10,0.0,0.4,2393
tuning_sets/tune_600_e.txt,10,0.0,0.4,2315
tuning_sets/tune_600_e.txt,10,0.0,0.4,2321
tuning_sets/tune_600_e.txt,10,0.0,0.4,2396
tuning_sets/tune_600_a.txt,10,0.0,0.5,2462
tuning_sets/tune_600_a.txt,10,0.0,0.5,2443
tuning_sets/tune_600_a.txt,10,0.0,0.5,2465
tuning_sets/tune_600_a.txt,10,0.0,0.5,2516
tuning_sets/tune_600_a.txt,10,0.0,0.5,2520
tuning_sets/tune_600_b.txt,10,0.0,0.5,2527
tuning_sets/tune_600_b.txt,10,0.0,0.5,2599
tuning_sets/tune_600_b.txt,10,0.0,0.5,2462
tuning_sets/tune_600_b.txt,10,0.0,0.5,2475
tuning_sets/tune_600_b.txt,10,0.0,0.5,2462
tuning_sets/tune_600_c.txt,10,0.0,0.5,2376
tuning_sets/tune_600_c.txt,10,0.0,0.5,2449
tuning_sets/tune_600_c.txt,10,0.0,0.5,2426
tuning_sets/tune_600_c.txt,10,0.0,0.5,2459
tuning_sets/tune_600_c.txt,10,0.0,0.5,2481
tuning_sets/tune_600_d.txt,10,0.0,0.5,2473
tuning_sets/tune_600_d.txt,10,0.0,0.5,2522
tuning_sets/tune_600_d.txt,10,0.0,0.5,2474
tuning_sets/tune_600_d.txt,10,0.0,0.5,2466
tuning_sets/tune_600_d.txt,10,0.0,0.5,2552
tuning_sets/tune_600_e.txt,10,0.0,0.5,2473
tuning_sets/tune_600_e.txt,10,0.0,0.5,2460
tuning_sets/tune_600_e.txt,10,0.0,0.5,2418
tuning_sets/tune_600_e.txt,10,0.0,0.5,2463
tuning_sets/tune_600_e.txt,10,0.0,0.5,2429
tuning_sets/tune_600_a.txt,10,0.1,0.0,-309
tuning_sets/tune_600_a.txt,10,0.1,0.0,-286
tuning_sets/tune_600_a.txt,10,0.1,0.0,-436
tuning_sets/tune_600_a.txt,10,0.1,0.0,-274
tuning_sets/tune_600_a.txt,10,0.1,0.0,-287
tuning_sets/tune_600_b.txt,10,0.1,0.0,-330
tuning_sets/tune_600_b.txt,10,0.1,0.0,-126
tuning_sets/tune_600_b.txt,10,0.1,0.0,-254
tuning_sets/tune_600_b.txt,10,0.1,0.0,-308
tuning_sets/tune_600_b.txt,10,0.1,0.0,-445
tuning_sets/tune_600_c.txt,10,0.1,0.0,-231
tuning_sets/tune_600_c.txt,10,0.1,0.0,-170
tuning_sets/tune_600_c.txt,10,0.1,0.0,-346
tuning_sets/tune_600_c.txt,10,0.1,0.0,-436
tuning_sets/tune_600_c.txt,10,0.1,0.0,-275
tuning_sets/tune_600_d.txt,10,0.1,0.0,-258
tuning_sets/tune_600_d.txt,10,0.1,0.0,-305
tuning_sets/tune_600_d.txt,10,0.1,0.0,-381
tuning_sets/tune_600_d.txt,10,0.1,0.0,-390
tuning_sets/tune_600_d.txt,10,0.1,0.0,-356
tuning_sets/tune_600_e.txt,10,0.1,0.0,-307
tuning_sets/tune_600_e.txt,10,0.1,0.0,-315
tuning_sets/tune_600_e.txt,10,0.1,0.0,-421
tuning_sets/tune_600_e.txt,10,0.1,0.0,-275
tuning_sets/tune_600_e.txt,10,0.1,0.0,-316
tuning_sets/tune_600_a.txt,10,0.1,0.1,1553
tuning_sets/tune_600_a.txt,10,0.1,0.1,1638
tuning_sets/tune_600_a.txt,10,0.1,0.1,1659
tuning_sets/tune_600_a.txt,10,0.1,0.1,1586
tuning_sets/tune_600_a.txt,10,0.1,0.1,1614
tuning_sets/tune_600_b.txt,10,0.1,0.1,1673
tuning_sets/tune_600_b.txt,10,0.1,0.1,1640
tuning_sets/tune_600_b.txt,10,0.1,0.1,1724
tuning_sets/tune_600_b.txt,10,0.1,0.1,1628
tuning_sets/tune_600_b.txt,10,0.1,0.1,1587
tuning_sets/tune_600_c.txt,10,0.1,0.1,1588
tuning_sets/tune_600_c.txt,10,0.1,0.1,1708
tuning_sets/tune_600_c.txt,10,0.1,0.1,1564
tuning_sets/tune_600_c.txt,10,0.1,0.1,1548
tuning_sets/tune_600_c.txt,10,0.1,0.1,1702
tuning_sets/tune_600_d.txt,10,0.1,0.1,1635
tuning_sets/tune_600_d.txt,10,0.1,0.1,1642
tuning_sets/tune_600_d.txt,10,0.1,0.1,1553
tuning_sets/tune_600_d.txt,10,0.1,0.1,1629
tuning_sets/tune_600_d.txt,10,0.1,0.1,1658
tuning_sets/tune_600_e.txt,10,0.1,0.1,1557
tuning_sets/tune_600_e.txt,10,0.1,0.1,1635
tuning_sets/tune_600_e.txt,10,0.1,0.1,1621
tuning_sets/tune_600_e.txt,10,0.1,0.1,1655
tuning_sets/tune_600_e.txt,10,0.1,0.1,1603
tuning_sets/tune_600_a.txt,10,0.1,0.2,1892
tuning_sets/tune_600_a.txt,10,0.1,0.2,2009
tuning_sets/tune_600_a.txt,10,0.1,0.2,1895
tuning_sets/tune_600_a.txt,10,0.1,0.2,1958
tuning_sets/tune_600_a.txt,10,0.1,0.2,1916
tuning_sets/tune_600_b.txt,10,0.1,0.2,1908
tuning_sets/tune_600_b.txt,10,0.1,0.2,1951
tuning_sets/tune_600_b.txt,10,0.1,0.2,1921
tuning_sets/tune_600_b.txt,10,0.1,0.2,1953
tuning_sets/tune_600_b.txt,10,0.1,0.2,1968
tuning_sets/tune_600_c.txt,10,0.1,0.2,1892
tuning_sets/tune_600_c.txt,10,0.1,0.2,1931
tuning_sets/tune_600_c.txt,10,0.1,0.2,1934
tuning_sets/tune_600_c.txt,10,0.1,0.2,1944
tuning_sets/tune_600_c.txt,10,0.1,0.2,1929
tuning_sets/tune_600_d.txt,10,0.1,0.2,1890
tuning_sets/tune_600_d.txt,10,0.1,0.2,1909
tuning_sets/tune_600_d.txt,10,0.1,0.2,1851
tuning_sets/tune_600_d.txt,10,0.1,0.2,1895
tuning_sets/tune_600_d.txt,10,0.1,0.2,1955
tuning_sets/tune_600_e.txt,10,0.1,0.2,1956
tuning_sets/tune_600_e.txt,10,0.1,0.2,1961
tuning_sets/tune_600_e.txt,10,0.1,0.2,1894
tuning_sets/tune_600_e.txt,10,0.1,0.2,1873
tuning_sets/tune_600_e.txt,10,0.1,0.2,1938
tuning_sets/tune_600_a.txt,10,0.1,0.3,2053
tuning_sets/tune_600_a.txt,10,0.1,0.3,2022
tuning_sets/tune_600_a.txt,10,0.1,0.3,2057
tuning_sets/tune_600_a.txt,10,0.1,0.3,2104
tuning_sets/tune_600_a.txt,10,0.1,0.3,1982
tuning_sets/tune_600_b.txt,10,0.1,0.3,2082
tuning_sets/tune_600_b.txt,10,0.1,0.3,2153
tuning_sets/tune_600_b.txt,10,0.1,0.3,2096
tuning_sets/tune_600_b.txt,10,0.1,0.3,2108
tuning_sets/tune_600_b.txt,10,0.1,0.3,2073
tuning_sets/tune_600_c.txt,10,0.1,0.3,2036
tuning_sets/tune_600_c.txt,10,0.1,0.3,2031
tuning_sets/tune_600_c.txt,10,0.1,0.3,2181
tuning_sets/tune_600_c.txt,10,0.1,0.3,2062
tuning_sets/tune_600_c.txt,10,0.1,0.3,2060
tuning_sets/tune_600_d.txt,10,0.1,0.3,2008
tuning_sets/tune_600_d.txt,10,0.1,0.3,2052
tuning_sets/tune_600_d.txt,10,0.1,0.3,2056
tuning_sets/tune_600_d.txt,10,0.1,0.3,1997
tuning_sets/tune_600_d.txt,10,0.1,0.3,2083
tuning_sets/tune_600_e.txt,10,0.1,0.3,2077
tuning_sets/tune_600_e.txt,10,0.1,0.3,2097
tuning_sets/tune_600_e.txt,10,0.1,0.3,2077
tuning_sets/tune_600_e.txt,10,0.1,0.3,2003
tuning_sets/tune_600_e.txt,10,0.1,0.3,2105
tuning_sets/tune_600_a.txt,10,0.1,0.4,2177
tuning_sets/tune_600_a.txt,10,0.1,0.4,2191
tuning_sets/tune_600_a.txt,10,0.1,0.4,2122
tuning_sets/tune_600_a.txt,10,0.1,0.4,2096
tuning_sets/tune_600_a.txt,10,0.1,0.4,2126
tuning_sets/tune_600_b.txt,10,0.1,0.4,2254
tuning_sets/tune_600_b.txt,10,0.1,0.4,2131
tuning_sets/tune_600_b.txt,10,0.1,0.4,2192
tuning_sets/tune_600_b.txt,10,0.1,0.4,2271
tuning_sets/tune_600_b.txt,10,0.1,0.4,2181
tuning_sets/tune_600_c.txt,10,0.1,0.4,2147
tuning_sets/tune_600_c.txt,10,0.1,0.4,2071
tuning_sets/tune_600_c.txt,10,0.1,0.4,2224
tuning_sets/tune_600_c.txt,10,0.1,0.4,2112
tuning_sets/tune_600_c.txt,10,0.1,0.4,2082
tuning_sets/tune_600_d.txt,10,0.1,0.4,2094
tuning_sets/tune_600_d.txt,10,0.1,0.4,2116
tuning_sets/tune_600_d.txt,10,0.1,0.4,2093
tuning_sets/tune_600_d.txt,10,0.1,0.4,2126
tuning_sets/tune_600_d.txt,10,0.1,0.4,2168
tuning_sets/tune_600_e.txt,10,0.1,0.4,2065
tuning_sets/tune_600_e.txt,10,0.1,0.4,2049
tuning_sets/tune_600_e.txt,10,0.1,0.4,2043
tuning_sets/tune_600_e.txt,10,0.1,0.4,2079
tuning_sets/tune_600_e.txt,10,0.1,0.4,2192
tuning_sets/tune_600_a.txt,10,0.1,0.5,2152
tuning_sets/tune_600_a.txt,10,0.1,0.5,2159
tuning_sets/tune_600_a.txt,10,0.1,0.5,2136
tuning_sets/tune_600_a.txt,10,0.1,0.5,2149
tuning_sets/tune_600_a.txt,10,0.1,0.5,2203
tuning_sets/tune_600_b.txt,10,0.1,0.5,2269
tuning_sets/tune_600_b.txt,10,0.1,0.5,2245
tuning_sets/tune_600_b.txt,10,0.1,0.5,2213
tuning_sets/tune_600_b.txt,10,0.1,0.5,2190
tuning_sets/tune_600_b.txt,10,0.1,0.5,2185
tuning_sets/tune_600_c.txt,10,0.1,0.5,2191
tuning_sets/tune_600_c.txt,10,0.1,0.5,2159
tuning_sets/tune_600_c.txt,10,0.1,0.5,2208
tuning_sets/tune_600_c.txt,10,0.1,0.5,2234
tuning_sets/tune_600_c.txt,10,0.1,0.5,2186
tuning_sets/tune_600_d.txt,10,0.1,0.5,2178
tuning_sets/tune_600_d.txt,10,0.1,0.5,2181
tuning_sets/tune_600_d.txt,10,0.1,0.5,2159
tuning_sets/tune_600_d.txt,10,0.1,0.5,2239
tuning_sets/tune_600_d.txt,10,0.1,0.5,2165
tuning_sets/tune_600_e.txt,10,0.1,0.5,2164
tuning_sets/tune_600_e.txt,10,0.1,0.5,2190
tuning_sets/tune_600_e.txt,10,0.1,0.5,2215
tuning_sets/tune_600_e.txt,10,0.1,0.5,2216
tuning_sets/tune_600_e.txt,10,0.1,0.5,2126
tuning_sets/tune_600_a.txt,10,0.2,0.0,-414
tuning_sets/tune_600_a.txt,10,0.2,0.0,-301
tuning_sets/tune_600_a.txt,10,0.2,0.0,-264
tuning_sets/tune_600_a.txt,10,0.2,0.0,-373
tuning_sets/tune_600_a.txt,10,0.2,0.0,-265
tuning_sets/tune_600_b.txt,10,0.2,0.0,-357
tuning_sets/tune_600_b.txt,10,0.2,0.0,-280
tuning_sets/tune_600_b.txt,10,0.2,0.0,-289
tuning_sets/tune_600_b.txt,10,0.2,0.0,-438
tuning_sets/tune_600_b.txt,10,0.2,0.0,-407
tuning_sets/tune_600_c.txt,10,0.2,0.0,-342
tuning_sets/tune_600_c.txt,10,0.2,0.0,-394
tuning_sets/tune_600_c.txt,10,0.2,0.0,-371
tuning_sets/tune_600_c.txt,10,0.2,0.0,-327
tuning_sets/tune_600_c.txt,10,0.2,0.0,-329
tuning_sets/tune_600_d.txt,10,0.2,0.0,-259
tuning_sets/tune_600_d.txt,10,0.2,0.0,-356
tuning_sets/tune_600_d.txt,10,0.2,0.0,-181
tuning_sets/tune_600_d.txt,10,0.2,0.0,-425
tuning_sets/tune_600_d.txt,10,0.2,0.0,-252
tuning_sets/tune_600_e.txt,10,0.2,0.0,-495
tuning_sets/tune_600_e.txt,10,0.2,0.0,-251
tuning_sets/tune_600_e.txt,10,0.2,0.0,-323
tuning_sets/tune_600_e.txt,10,0.2,0.0,-388
tuning_sets/tune_600_e.txt,10,0.2,0.0,-422
tuning_sets/tune_600_a.txt,10,0.2,0.1,1424
tuning_sets/tune_600_a.txt,10,0.2,0.1,1443
tuning_sets/tune_600_a.txt,10,0.2,0.1,1476
tuning_sets/tune_600_a.txt,10,0.2,0.1,1574
tuning_sets/tune_600_a.txt,10,0.2,0.1,1381
tuning_sets/tune_600_b.txt,10,0.2,0.1,1533
tuning_sets/tune_600_b.txt,10,0.2,0.1,1463
tuning_sets/tune_600_b.txt,10,0.2,0.1,1537
tuning_sets/tune_600_b.txt,10,0.2,0.1,1483
tuning_sets/tune_600_b.txt,10,0.2,0.1,1478
tuning_sets/tune_600_c.txt,10,0.2,0.1,1537
tuning_sets/tune_600_c.txt,10,0.2,0.1,1412
tuning_sets/tune_600_c.txt,10,0.2,0.1,1534
tuning_sets/tune_600_c.txt,10,0.2,0.1,1486
tuning_sets/tune_600_c.txt,10,0.2,0.1,1497
tuning_sets/tune_600_d.txt,10,0.2,0.1,1471
tuning_sets/tune_600_d.txt,10,0.2,0.1,1410
tuning_sets/tune_600_d.txt,10,0.2,0.1,1536
tuning_sets/tune_600_d.txt,10,0.2,0.1,1561
tuning_sets/tune_600_d.txt,10,0.2,0.1,1503
tuning_sets/tune_600_e.txt,10,0.2,0.1,1378
tuning_sets/tune_600_e.txt,10,0.2,0.1,1511
tuning_sets/tune_600_e.txt,10,0.2,0.1,1427
tuning_sets/tune_600_e.txt,10,0.2,0.1,1497
tuning_sets/tune_600_e.txt,10,0.2,0.1,1544
tuning_sets/tune_600_a.txt,10,0.2,0.2,1879
tuning_sets/tune_600_a.txt,10,0.2,0.2,1827
tuning_sets/tune_600_a.txt,10,0.2,0.2,1776
tuning_sets/tune_600_a.txt,10,0.2,0.2,1797
tuning_sets/tune_600_a.txt,10,0.2,0.2,1716
tuning_sets/tune_600_b.txt,10,0.2,0.2,1787
tuning_sets/tune_600_b.txt,10,0.2,0.2,1771
tuning_sets/tune_600_b.txt,10,0.2,0.2,1815
tuning_sets/tune_600_b.txt,10,0.2,0.2,1820
tuning_sets/tune_600_b.txt,10,0.2,0.2,1822
tuning_sets/tune_600_c.txt,10,0.2,0.2,1767
tuning_sets/tune_600_c.txt,10,0.2,0.2,1781
tuning_sets/tune_600_c.txt,10,0.2,0.2,1818
tuning_sets/tune_600_c.txt,10,0.2,0.2,1845
tuning_sets/tune_600_c.txt,10,0.2,0.2,1815
tuning_sets/tune_600_d.txt,10,0.2,0.2,1808
tuning_sets/tune_600_d.txt,10,0.2,0.2,1844
tuning_sets/tune_600_d.txt,10,0.2,0.2,1746
tuning_sets/tune_600_d.txt,10,0.2,0.2,1786
tuning_sets/tune_600_d.txt,10,0.2,0.2,1786
tuning_sets/tune_600_e.txt,10,0.2,0.2,1695
tuning_sets/tune_600_e.txt,10,0.2,0.2,1746
tuning_sets/tune_600_e.txt,10,0.2,0.2,1786
tuning_sets/tune_600_e.txt,10,0.2,0.2,1805
tuning_sets/tune_600_e.txt,10,0.2,0.2,1724
tuning_sets/tune_600_a.txt,10,0.2,0.3,1951
tuning_sets/tune_600_a.txt,10,0.2,0.3,1837
tuning_sets/tune_600_a.txt,10,0.2,0.3,1914
tuning_sets/tune_600_a.txt,10,0.2,0.3,1952
tuning_sets/tune_600_a.txt,10,0.2,0.3,1904
tuning_sets/tune_600_b.txt,10,0.2,0.3,2017
tuning_sets/tune_600_b.txt,10,0.2,0.3,1886
tuning_sets/tune_600_b.txt,10,0.2,0.3,2055
tuning_sets/tune_600_b.txt,10,0.2,0.3,1967
tuning_sets/tune_600_b.txt,10,0.2,0.3,1984
tuning_sets/tune_600_c.txt,10,0.2,0.3,1985
tuning_sets/tune_600_c.txt,10,0.2,0.3,1930
tuning_sets/tune_600_c.txt,10,0.2,0.3,1893
tuning_sets/tune_600_c.txt,10,0.2,0.3,1919
tuning_sets/tune_600_c.txt,10,0.2,0.3,1857
tuning_sets/tune_600_d.txt,10,0.2,0.3,1923
tuning_sets/tune_600_d.txt,10,0.2,0.3,1942
tuning_sets/tune_600_d.txt,10,0.2,0.3,1929
tuning_sets/tune_600_d.txt,10,0.2,0.3,1953
tuning_sets/tune_600_d.txt,10,0.2,0.3,1957
tuning_sets/tune_600_e.txt,10,0.2,0.3,1876
tuning_sets/tune_600_e.txt,10,0.2,0.3,1890
tuning_sets/tune_600_e.txt,10,0.2,0.3,1889
tuning_sets/tune_600_e.txt,10,0.2,0.3,1883
tuning_sets/tune_600_e.txt,10,0.2,0.3,1866
tuning_sets/tune_600_a.txt,10,0.2,0.4,1916
tuning_sets/tune_600_a.txt,10,0.2,0.4,2046
tuning_sets/tune_600_a.txt,10,0.2,0.4,2037
tuning_sets/tune_600_a.txt,10,0.2,0.4,1962
tuning_sets/tune_600_a.txt,10,0.2,0.4,1883
tuning_sets/tune_600_b.txt,10,0.2,0.4,2027
tuning_sets/tune_600_b.txt,10,0.2,0.4,2084
tuning_sets/tune_600_b.txt,10,0.2,0.4,2074
tuning_sets/tune_600_b.txt,10,0.2,0.4,2004
tuning_sets/tune_600_b.txt,10,0.2,0.4,2021
tuning_sets/tune_600_c.txt,10,0.2,0.4,1999
tuning_sets/tune_600_c.txt,10,0.2,0.4,1988
tuning_sets/tune_600_c.txt,10,0.2,0.4,2015
tuning_sets/tune_600_c.txt,10,0.2,0.4,2010
tuning_sets/tune_600_c.txt,10,0.2,0.4,2029
tuning_sets/tune_600_d.txt,10,0.2,0.4,1965
tuning_sets/tune_600_d.txt,10,0.2,0.4,1974
tuning_sets/tune_600_d.txt,10,0.2,0.4,1950
tuning_sets/tune_600_d.txt,10,0.2,0.4,1972
tuning_sets/tune_600_d.txt,10,0.2,0.4,1998
tuning_sets/tune_600_e.txt,10,0.2,0.4,2005
tuning_sets/tune_600_e.txt,10,0.2,0.4,2032
tuning_sets/tune_600_e.txt,10,0.2,0.4,1956
tuning_sets/tune_600_e.txt,10,0.2,0.4,2005
tuning_sets/tune_600_e.txt,10,0.2,0.4,2031
tuning_sets/tune_600_a.txt,10,0.2,0.5,1974
tuning_sets/tune_600_a.txt,10,0.2,0.5,2034
tuning_sets/tune_600_a.txt,10,0.2,0.5,2072
tuning_sets/tune_600_a.txt,10,0.2,0.5,1980
tuning_sets/tune_600_a.txt,10,0.2,0.5,2013
tuning_sets/tune_600_b.txt,10,0.2,0.5,2069
tuning_sets/tune_600_b.txt,10,0.2,0.5,2109
tuning_sets/tune_600_b.txt,10,0.2,0.5,2179
tuning_sets/tune_600_b.txt,10,0.2,0.5,2098
tuning_sets/tune_600_b.txt,10,0.2,0.5,2084
tuning_sets/tune_600_c.txt,10,0.2,0.5,2047
tuning_sets/tune_600_c.txt,10,0.2,0.5,2150
tuning_sets/tune_600_c.txt,10,0.2,0.5,1996
tuning_sets/tune_600_c.txt,10,0.2,0.5,2051
tuning_sets/tune_600_c.txt,10,0.2,0.5,2134
tuning_sets/tune_600_d.txt,10,0.2,0.5,2024
tuning_sets/tune_600_d.txt,10,0.2,0.5,2009
tuning_sets/tune_600_d.txt,10,0.2,0.5,2013
tuning_sets/tune_600_d.txt,10,0.2,0.5,1933
tuning_sets/tune_600_d.txt,10,0.2,0.5,1945
tuning_sets/tune_600_e.txt,10,0.2,0.5,2013
tuning_sets/tune_600_e.txt,10,0.2,0.5,2029
tuning_sets/tune_600_e.txt,10,0.2,0.5,2044
tuning_sets/tune_600_e.txt,10,0.2,0.5,2001
tuning_sets/tune_600_e.txt,10,0.2,0.5,2000
tuning_sets/tune_600_a.txt,10,0.3,0.0,-546
tuning_sets/tune_600_a.txt,10,0.3,0.0,-146
tuning_sets/tune_600_a.txt,10,0.3,0.0,-404
tuning_sets/tune_600_a.txt,10,0.3,0.0,-372
tuning_sets/tune_600_a.txt,10,0.3,0.0,-262
tuning_sets/tune_600_b.txt,10,0.3,0.0,-114
tuning_sets/tune_600_b.txt,10,0.3,0.0,-211
tuning_sets/tune_600_b.txt,10,0.3,0.0,-333
tuning_sets/tune_600_b.txt,10,0.3,0.0,-233
tuning_sets/tune_600_b.txt,10,0.3,0.0,-394
tuning_sets/tune_600_c.txt,10,0.3,0.0,-156
tuning_sets/tune_600_c.txt,10,0.3,0.0,-389
tuning_sets/tune_600_c.txt,10,0.3,0.0,-355
tuning_sets/tune_600_c.txt,10,0.3,0.0,-317
tuning_sets/tune_600_c.txt,10,0.3,0.0,-265
tuning_sets/tune_600_d.txt,10,0.3,0.0,-200
tuning_sets/tune_600_d.txt,10,0.3,0.0,-331
tuning_sets/tune_600_d.txt,10,0.3,0.0,-295
tuning_sets/tune_600_d.txt,10,0.3,0.0,-312
tuning_sets/tune_600_d.txt,10,0.3,0.0,-237
tuning_sets/tune_600_e.txt,10,0.3,0.0,-400
tuning_sets/tune_600_e.txt,10,0.3,0.0,-316
tuning_sets/tune_600_e.txt,10,0.3,0.0,-316
tuning_sets/tune_600_e.txt,10,0.3,0.0,-402
tuning_sets/tune_600_e.txt,10,0.3,0.0,-240
tuning_sets/tune_600_a.txt,10,0.3,0.1,1424
tuning_sets/tune_600_a.txt,10,0.3,0.1,1428
tuning_sets/tune_600_a.txt,10,0.3,0.1,1567
tuning_sets/tune_600_a.txt,10,0.3,0.1,1474
tuning_sets/tune_600_a.txt,10,0.3,0.1,1370
tuning_sets/tune_600_b.txt,10,0.3,0.1,1365
tuning_sets/tune_600_b.txt,10,0.3,0.1,1405
tuning_sets/tune_600_b.txt,10,0.3,0.1,1466
tuning_sets/tune_600_b.txt,10,0.3,0.1,1450
tuning_sets/tune_600_b.txt,10,0.3,0.1,1508
tuning_sets/tune_600_c.txt,10,0.3,0.1,1378
tuning_sets/tune_600_c.txt,10,0.3,0.1,1456
tuning_sets/tune_600_c.txt,10,0.3,0.1,1402
tuning_sets/tune_600_c.txt,10,0.3,0.1,1398
tuning_sets/tune_600_c.txt,10,0.3,0.1,1413
tuning_sets/tune_600_d.txt,10,0.3,0.1,1460
tuning_sets/tune_600_d.txt,10,0.3,0.1,1418
tuning_sets/tune_600_d.txt,10,0.3,0.1,1419
tuning_sets/tune_600_d.txt,10,0.3,0.1,1391
tuning_sets/tune_600_d.txt,10,0.3,0.1,1451
tuning_sets/tune_600_e.txt,10,0.3,0.1,1401
tuning_sets/tune_600_e.txt,10,0.3,0.1,1490
tuning_sets/tune_600_e.txt,10,0.3,0.1,1492
tuning_sets/tune_600_e.txt,10,0.3,0.1,1480
tuning_sets/tune_600_e.txt,10,0.3,0.1,1391
tuning_sets/tune_600_a.txt,10,0.3,0.2,1659
tuning_sets/tune_600_a.txt,10,0.3,0.2,1775
tuning_sets/tune_600_a.txt,10,0.3,0.2,1729
tuning_sets/tune_600_a.txt,10,0.3,0.2,1670
tuning_sets/tune_600_a.txt,10,0.3,0.2,1620
tuning_sets/tune_600_b.txt,10,0.3,0.2,1643
tuning_sets/tune_600_b.txt,10,0.3,0.2,1690
tuning_sets/tune_600_b.txt,10,0.3,0.2,1690
tuning_sets/tune_600_b.txt,10,0.3,0.2,1795
tuning_sets/tune_600_b.txt,10,0.3,0.2,1755
tuning_sets/tune_600_c.txt,10,0.3,0.2,1617
tuning_sets/tune_600_c.txt,10,0.3,0.2,1673
tuning_sets/tune_600_c.txt,10,0.3,0.2,1615
tuning_sets/tune_600_c.txt,10,0.3,0.2,1750
tuning_sets/tune_600_c.txt,10,0.3,0.2,1665
tuning_sets/tune_600_d.txt,10,0.3,0.2,1694
tuning_sets/tune_600_d.txt,10,0.3,0.2,1723
tuning_sets/tune_600_d.txt,10,0.3,0.2,1717
tuning_sets/tune_600_d.txt,10,0.3,0.2,1755
tuning_sets/tune_600_d.txt,10,0.3,0.2,1613
tuning_sets/tune_600_e.txt,10,0.3,0.2,1545
tuning_sets/tune_600_e.txt,10,0.3,0.2,1627
tuning_sets/tune_600_e.txt,10,0.3,0.2,1740
tuning_sets/tune_600_e.txt,10,0.3,0.2,1554
tuning_sets/tune_600_e.txt,10,0.3,0.2,1703
tuning_sets/tune_600_a.txt,10,0.3,0.3,1797
tuning_sets/tune_600_a.txt,10,0.3,0.3,1783
tuning_sets/tune_600_a.txt,10,0.3,0.3,1781
tuning_sets/tune_600_a.txt,10,0.3,0.3,1748
tuning_sets/tune_600_a.txt,10,0.3,0.3,1769
tuning_sets/tune_600_b.txt,10,0.3,0.3,1857
tuning_sets/tune_600_b.txt,10,0.3,0.3,1891
tuning_sets/tune_600_b.txt,10,0.3,0.3,1879
tuning_sets/tune_600_b.txt,10,0.3,0.3,1794
tuning_sets/tune_600_b.txt,10,0.3,0.3,1764
tuning_sets/tune_600_c.txt,10,0.3,0.3,1866
tuning_sets/tune_600_c.txt,10,0.3,0.3,1833
tuning_sets/tune_600_c.txt,10,0.3,0.3,1746
tuning_sets/tune_600_c.txt,10,0.3,0.3,1797
tuning_sets/tune_600_c.txt,10,0.3,0.3,1897
tuning_sets/tune_600_d.txt,10,0.3,0.3,1756
tuning_sets/tune_600_d.txt,10,0.3,0.3,1686
tuning_sets/tune_600_d.txt,10,0.3,0.3,1861
tuning_sets/tune_600_d.txt,10,0.3,0.3,1699
tuning_sets/tune_600_d.txt,10,0.3,0.3,1826
tuning_sets/tune_600_e.txt,10,0.3,0.3,1853
tuning_sets/tune_600_e.txt,10,0.3,0.3,1770
tuning_sets/tune_600_e.txt,10,0.3,0.3,1805
tuning_sets/tune_600_e.txt,10,0.3,0.3,1843
tuning_sets/tune_600_e.txt,10,0.3,0.3,1825
tuning_sets/tune_600_a.txt,10,0.3,0.4,1834
tuning_sets/tune_600_a.txt,10,0.3,0.4,1923
tuning_sets/tune_600_a.txt,10,0.3,0.4,1831
tuning_sets/tune_600_a.txt,10,0.3,0.4,1800
tuning_sets/tune_600_a.txt,10,0.3,0.4,1861
tuning_sets/tune_600_b.txt,10,0.3,0.4,1958
tuning_sets/tune_600_b.txt,10,0.3,0.4,1928
tuning_sets/tune_600_b.txt,10,0.3,0.4,1926
tuning_sets/tune_600_b.txt,10,0.3,0.4,1880
tuning_sets/tune_600_b.txt,10,0.3,0.4,1928
tuning_sets/tune_600_c.txt,10,0.3,0.4,1929
tuning_sets/tune_600_c.txt,10,0.3,0.4,1922
tuning_sets/tune_600_c.txt,10,0.3,0.4,1880
tuning_sets/tune_600_c.txt,10,0.3,0.4,1887
tuning_sets/tune_600_c.txt,10,0.3,0.4,1841
tuning_sets/tune_600_d.txt,10,0.3,0.4,1868
tuning_sets/tune_600_d.txt,10,0.3,0.4,1903
tuning_sets/tune_600_d.txt,10,0.3,0.4,1922
tuning_sets/tune_600_d.txt,10,0.3,0.4,1820
tuning_sets/tune_600_d.txt,10,0.3,0.4,1804
tuning_sets/tune_600_e.txt,10,0.3,0.4,1875
tuning_sets/tune_600_e.txt,10,0.3,0.4,1866
tuning_sets/tune_600_e.txt,10,0.3,0.4,1870
tuning_sets/tune_600_e.txt,10,0.3,0.4,1898
tuning_sets/tune_600_e.txt,10,0.3,0.4,1789
tuning_sets/tune_600_a.txt,10,0.3,0.5,1869
tuning_sets/tune_600_a.txt,10,0.3,0.5,1841
tuning_sets/tune_600_a.txt,10,0.3,0.5,1839
tuning_sets/tune_600_a.txt,10,0.3,0.5,1820
tuning_sets/tune_600_a.txt,10,0.3,0.5,1837
tuning_sets/tune_600_b.txt,10,0.3,0.5,1915
tuning_sets/tune_600_b.txt,10,0.3,0.5,2008
tuning_sets/tune_600_b.txt,10,0.3,0.5,1972
tuning_sets/tune_600_b.txt,10,0.3,0.5,1826
tuning_sets/tune_600_b.txt,10,0.3,0.5,1926
tuning_sets/tune_600_c.txt,10,0.3,0.5,1811
tuning_sets/tune_600_c.txt,10,0.3,0.5,1901
tuning_sets/tune_600_c.txt,10,0.3,0.5,1947
tuning_sets/tune_600_c.txt,10,0.3,0.5,1830
tuning_sets/tune_600_c.txt,10,0.3,0.5,1902
tuning_sets/tune_600_d.txt,10,0.3,0.5,1832
tuning_sets/tune_600_d.txt,10,0.3,0.5,1931
tuning_sets/tune_600_d.txt,10,0.3,0.5,1820
tuning_sets/tune_600_d.txt,10,0.3,0.5,1858
tuning_sets/tune_600_d.txt,10,0.3,0.5,1904
tuning_sets/tune_600_e.txt,10,0.3,0.5,1895
tuning_sets/tune_600_e.txt,10,0.3,0.5,1923
tuning_sets/tune_600_e.txt,10,0.3,0.5,1917
tuning_sets/tune_600_e.txt,10,0.3,0.5,1870
tuning_sets/tune_600_e.txt,10,0.3,0.5,1778
tuning_sets/tune_600_a.txt,100,0.0,0.0,-147
tuning_sets/tune_600_a.txt,100,0.0,0.0,-241
tuning_sets/tune_600_a.txt,100,0.0,0.0,-211
tuning_sets/tune_600_a.txt,100,0.0,0.0,-113
tuning_sets/tune_600_a.txt,100,0.0,0.0,-144
tuning_sets/tune_600_b.txt,100,0.0,0.0,-184
tuning_sets/tune_600_b.txt,100,0.0,0.0,-110
tuning_sets/tune_600_b.txt,100,0.0,0.0,-274
tuning_sets/tune_600_b.txt,100,0.0,0.0,-123
tuning_sets/tune_600_b.txt,100,0.0,0.0,-147
tuning_sets/tune_600_c.txt,100,0.0,0.0,-195
tuning_sets/tune_600_c.txt,100,0.0,0.0,-141
tuning_sets/tune_600_c.txt,100,0.0,0.0,-234
tuning_sets/tune_600_c.txt,100,0.0,0.0,-275
tuning_sets/tune_600_c.txt,100,0.0,0.0,-209
tuning_sets/tune_600_d.txt,100,0.0,0.0,-192
tuning_sets/tune_600_d.txt,100,0.0,0.0,-62
tuning_sets/tune_600_d.txt,100,0.0,0.0,-80
tuning_sets/tune_600_d.txt,100,0.0,0.0,-109
tuning_sets/tune_600_d.txt,100,0.0,0.0,-264
tuning_sets/tune_600_e.txt,100,0.0,0.0,-190
tuning_sets/tune_600_e.txt,100,0.0,0.0,-209
tuning_sets/tune_600_e.txt,100,0.0,0.0,-258
tuning_sets/tune_600_e.txt,100,0.0,0.0,-129
tuning_sets/tune_600_e.txt,100,0.0,0.0,-146
tuning_sets/tune_600_a.txt,100,0.0,0.1,1336
tuning_sets/tune_600_a.txt,100,0.0,0.1,1418
tuning_sets/tune_600_a.txt,100,0.0,0.1,1495
tuning_sets/tune_600_a.txt,100,0.0,0.1,1411
tuning_sets/tune_600_a.txt,100,0.0,0.1,1530
tuning_sets/tune_600_b.txt,100,0.0,0.1,1492
tuning_sets/tune_600_b.txt,100,0.0,0.1,1494
tuning_sets/tune_600_b.txt,100,0.0,0.1,1544
tuning_sets/tune_600_b.txt,100,0.0,0.1,1604
tuning_sets/tune_600_b.txt,100,0.0,0.1,1526
tuning_sets/tune_600_c.txt,100,0.0,0.1,1379
tuning_sets/tune_600_c.txt,100,0.0,0.1,1461
tuning_sets/tune_600_c.txt,100,0.0,0.1,1423
tuning_sets/tune_600_c.txt,100,0.0,0.1,1403
tuning_sets/tune_600_c.txt,100,0.0,0.1,1423
tuning_sets/tune_600_d.txt,100,0.0,0.1,1451
tuning_sets/tune_600_d.txt,100,0.0,0.1,1561
tuning_sets/tune_600_d.txt,100,0.0,0.1,1349
tuning_sets/tune_600_d.txt,100,0.0,0.1,1409
tuning_sets/tune_600_d.txt,100,0.0,0.1,1506
tuning_sets/tune_600_e.txt,100,0.0,0.1,1520
tuning_sets/tune_600_e.txt,100,0.0,0.1,1349
tuning_sets/tune_600_e.txt,100,0.0,0.1,1438
tuning_sets/tune_600_e.txt,100,0.0,0.1,1464
tuning_sets/tune_600_e.txt,100,0.0,0.1,1384
tuning_sets/tune_600_a.txt,100,0.0,0.2,1695
tuning_sets/tune_600_a.txt,100,0.0,0.2,1649
tuning_sets/tune_600_a.txt,100,0.0,0.2,1649
tuning_sets/tune_600_a.txt,100,0.0,0.2,1692
tuning_sets/tune_600_a.txt,100,0.0,0.2,1692
tuning_sets/tune_600_b.txt,100,0.0,0.2,1704
tuning_sets/tune_600_b.txt,100,0.0,0.2,1655
tuning_sets/tune_600_b.txt,100,0.0,0.2,1697
tuning_sets/tune_600_b.txt,100,0.0,0.2,1653
tuning_sets/tune_600_b.txt,100,0.0,0.2,1624
tuning_sets/tune_600_c.txt,100,0.0,0.2,1654
tuning_sets/tune_600_c.txt,100,0.0,0.2,1801
tuning_sets/tune_600_c.txt,100,0.0,0.2,1672
tuning_sets/tune_600_c.txt,100,0.0,0.2,1791
tuning_sets/tune_600_c.txt,100,0.0,0.2,1616
tuning_sets/tune_600_d.txt,100,0.0,0.2,1742
tuning_sets/tune_600_d.txt,100,0.0,0.2,1642
tuning_sets/tune_600_d.txt,100,0.0,0.2,1668
tuning_sets/tune_600_d.txt,100,0.0,0.2,1665
tuning_sets/tune_600_d.txt,100,0.0,0.2,1693
tuning_sets/tune_600_e.txt,100,0.0,0.2,1723
tuning_sets/tune_600_e.txt,100,0.0,0.2,1606
tuning_sets/tune_600_e.txt,100,0.0,0.2,1681
tuning_sets/tune_600_e.txt,100,0.0,0.2,1607
tuning_sets/tune_600_e.txt,100,0.0,0.2,1700
tuning_sets/tune_600_a.txt,100,0.0,0.3,1703
tuning_sets/tune_600_a.txt,100,0.0,0.3,1747
tuning_sets/tune_600_a.txt,100,0.0,0.3,1741
tuning_sets/tune_600_a.txt,100,0.0,0.3,1792
tuning_sets/tune_600_a.txt,100,0.0,0.3,1761
tuning_sets/tune_600_b.txt,100,0.0,0.3,1759
tuning_sets/tune_600_b.txt,100,0.0,0.3,1826
tuning_sets/tune_600_b.txt,100,0.0,0.3,1823
tuning_sets/tune_600_b.txt,100,0.0,0.3,1872
tuning_sets/tune_600_b.txt,100,0.0,0.3,1754
tuning_sets/tune_600_c.txt,100,0.0,0.3,1820
tuning_sets/tune_600_c.txt,100,0.0,0.3,1722
tuning_sets/tune_600_c.txt,100,0.0,0.3,1805
tuning_sets/tune_600_c.txt,100,0.0,0.3,1846
tuning_sets/tune_600_c.txt,100,0.0,0.3,1781
tuning_sets/tune_600_d.txt,100,0.0,0.3,1768
tuning_sets/tune_600_d.txt,100,0.0,0.3,1883
tuning_sets/tune_600_d.txt,100,0.0,0.3,1822
tuning_sets/tune_600_d.txt,100,0.0,0.3,1849
tuning_sets/tune_600_d.txt,100,0.0,0.3,1731
tuning_sets/tune_600_e.txt,100,0.0,0.3,1801
tuning_sets/tune_600_e.txt,100,0.0,0.3,1785
tuning_sets/tune_600_e.txt,100,0.0,0.3,1805
tuning_sets/tune_600_e.txt,100,0.0,0.3,1757
tuning_sets/tune_600_e.txt,100,0.0,0.3,1869
tuning_sets/tune_600_a.txt,100,0.0,0.4,1839
tuning_sets/tune_600_a.txt,100,0.0,0.4,1714
tuning_sets/tune_600_a.txt,100,0.0,0.4,1941
tuning_sets/tune_600_a.txt,100,0.0,0.4,1905
tuning_sets/tune_600_a.txt,100,0.0,0.4,1925
tuning_sets/tune_600_b.txt,100,0.0,0.4,1878
tuning_sets/tune_600_b.txt,100,0.0,0.4,1888
tuning_sets/tune_600_b.txt,100,0.0,0.4,1953
tuning_sets/tune_600_b.txt,100,0.0,0.4,1928
tuning_sets/tune_600_b.txt,100,0.0,0.4,1882
tuning_sets/tune_600_c.txt,100,0.0,0.4,1819
tuning_sets/tune_600_c.txt,100,0.0,0.4,1799
tuning_sets/tune_600_c.txt,100,0.0,0.4,1813
tuning_sets/tune_600_c.txt,100,0.0,0.4,1779
tuning_sets/tune_600_c.txt,100,0.0,0.4,1823
tuning_sets/tune_600_d.txt,100,0.0,0.4,1820
tuning_sets/tune_600_d.txt,100,0.0,0.4,1840
tuning_sets/tune_600_d.txt,100,0.0,0.4,1818
tuning_sets/tune_600_d.txt,100,0.0,0.4,1775
tuning_sets/tune_600_d.txt,100,0.0,0.4,1775
tuning_sets/tune_600_e.txt,100,0.0,0.4,1988
tuning_sets/tune_600_e.txt,100,0.0,0.4,1857
tuning_sets/tune_600_e.txt,100,0.0,0.4,1772
tuning_sets/tune_600_e.txt,100,0.0,0.4,1825
tuning_sets/tune_600_e.txt,100,0.0,0.4,1820
tuning_sets/tune_600_a.txt,100,0.0,0.5,1828
tuning_sets/tune_600_a.txt,100,0.0,0.5,1884
tuning_sets/tune_600_a.txt,100,0.0,0.5,1855
tuning_sets/tune_600_a.txt,100,0.0,0.5,1755
tuning_sets/tune_600_a.txt,100,0.0,0.5,1670
tuning_sets/tune_600_b.txt,100,0.0,0.5,1865
tuning_sets/tune_600_b.txt,100,0.0,0.5,1923
tuning_sets/tune_600_b.txt,100,0.0,0.5,1955
tuning_sets/tune_600_b.txt,100,0.0,0.5,1882
tuning_sets/tune_600_b.txt,100,0.0,0.5,1752
tuning_sets/tune_600_c.txt,100,0.0,0.5,1868
tuning_sets/tune_600_c.txt,100,0.0,0.5,1867
tuning_sets/tune_600_c.txt,100,0.0,0.5,1900
tuning_sets/tune_600_c.txt,100,0.0,0.5,1932
tuning_sets/tune_600_c.txt,100,0.0,0.5,1805
tuning_sets/tune_600_d.txt,100,0.0,0.5,1780
tuning_sets/tune_600_d.txt,100,0.0,0.5,1834
tuning_sets/tune_600_d.txt,100,0.0,0.5,1875
tuning_sets/tune_600_d.txt,100,0.0,0.5,1811
tuning_sets/tune_600_d.txt,100,0.0,0.5,1857
tuning_sets/tune_600_e.txt,100,0.0,0.5,1849
tuning_sets/tune_600_e.txt,100,0.0,0.5,1859
tuning_sets/tune_600_e.txt,100,0.0,0.5,1927
tuning_sets/tune_600_e.txt,100,0.0,0.5,1918
tuning_sets/tune_600_e.txt,100,0.0,0.5,1786
tuning_sets/tune_600_a.txt,100,0.1,0.0,-223
tuning_sets/tune_600_a.txt,100,0.1,0.0,-282
tuning_sets/tune_600_a.txt,100,0.1,0.0,-295
tuning_sets/tune_600_a.txt,100,0.1,0.0,-170
tuning_sets/tune_600_a.txt,100,0.1,0.0,-211
tuning_sets/tune_600_b.txt,100,0.1,0.0,-207
tuning_sets/tune_600_b.txt,100,0.1,0.0,-168
tuning_sets/tune_600_b.txt,100,0.1,0.0,-204
tuning_sets/tune_600_b.txt,100,0.1,0.0,-236
tuning_sets/tune_600_b.txt,100,0.1,0.0,-227
tuning_sets/tune_600_c.txt,100,0.1,0.0,-291
tuning_sets/tune_600_c.txt,100,0.1,0.0,-341
tuning_sets/tune_600_c.txt,100,0.1,0.0,-212
tuning_sets/tune_600_c.txt,100,0.1,0.0,-245
tuning_sets/tune_600_c.txt,100,0.1,0.0,-288
tuning_sets/tune_600_d.txt,100,0.1,0.0,-340
tuning_sets/tune_600_d.txt,100,0.1,0.0,-174
tuning_sets/tune_600_d.txt,100,0.1,0.0,-139
tuning_sets/tune_600_d.txt,100,0.1,0.0,-344
tuning_sets/tune_600_d.txt,100,0.1,0.0,-306
tuning_sets/tune_600_e.txt,100,0.1,0.0,-267
tuning_sets/tune_600_e.txt,100,0.1,0.0,-260
tuning_sets/tune_600_e.txt,100,0.1,0.0,-314
tuning_sets/tune_600_e.txt,100,0.1,0.0,-231
tuning_sets/tune_600_e.txt,100,0.1,0.0,-338
tuning_sets/tune_600_a.txt,100,0.1,0.1,629
tuning_sets/tune_600_a.txt,100,0.1,0.1,528
tuning_sets/tune_600_a.txt,100,0.1,0.1,495
tuning_sets/tune_600_a.txt,100,0.1,0.1,507
tuning_sets/tune_600_a.txt,100,0.1,0.1,506
tuning_sets/tune_600_b.txt,100,0.1,0.1,484
tuning_sets/tune_600_b.txt,100,0.1,0.1,493
tuning_sets/tune_600_b.txt,100,0.1,0.1,416
tuning_sets/tune_600_b.txt,100,0.1,0.1,543
tuning_sets/tune_600_b.txt,100,0.1,0.1,467
tuning_sets/tune_600_c.txt,100,0.1,0.1,535
tuning_sets/tune_600_c.txt,100,0.1,0.1,581
tuning_sets/tune_600_c.txt,100,0.1,0.1,561
tuning_sets/tune_600_c.txt,100,0.1,0.1,575
tuning_sets/tune_600_c.txt,100,0.1,0.1,507
tuning_sets/tune_600_d.txt,100,0.1,0.1,525
tuning_sets/tune_600_d.txt,100,0.1,0.1,463
tuning_sets/tune_600_d.txt,100,0.1,0.1,462
tuning_sets/tune_600_d.txt,100,0.1,0.1,489
tuning_sets/tune_600_d.txt,100,0.1,0.1,522
tuning_sets/tune_600_e.txt,100,0.1,0.1,524
tuning_sets/tune_600_e.txt,100,0.1,0.1,543
tuning_sets/tune_600_e.txt,100,0.1,0.1,492
tuning_sets/tune_600_e.txt,100,0.1,0.1,488
tuning_sets/tune_600_e.txt,100,0.1,0.1,509
tuning_sets/tune_600_a.txt,100,0.1,0.2,792
tuning_sets/tune_600_a.txt,100,0.1,0.2,761
tuning_sets/tune_600_a.txt,100,0.1,0.2,753
tuning_sets/tune_600_a.txt,100,0.1,0.2,786
tuning_sets/tune_600_a.txt,100,0.1,0.2,747
tuning_sets/tune_600_b.txt,100,0.1,0.2,720
tuning_sets/tune_600_b.txt,100,0.1,0.2,821
tuning_sets/tune_600_b.txt,100,0.1,0.2,765
tuning_sets/tune_600_b.txt,100,0.1,0.2,730
tuning_sets/tune_600_b.txt,100,0.1,0.2,905
tuning_sets/tune_600_c.txt,100,0.1,0.2,737
tuning_sets/tune_600_c.txt,100,0.1,0.2,767
tuning_sets/tune_600_c.txt,100,0.1,0.2,737
tuning_sets/tune_600_c.txt,100,0.1,0.2,797
tuning_sets/tune_600_c.txt,100,0.1,0.2,808
tuning_sets/tune_600_d.txt,100,0.1,0.2,728
tuning_sets/tune_600_d.txt,100,0.1,0.2,759
tuning_sets/tune_600_d.txt,100,0.1,0.2,721
tuning_sets/tune_600_d.txt,100,0.1,0.2,850
tuning_sets/tune_600_d.txt,100,0.1,0.2,696
tuning_sets/tune_600_e.txt,100,0.1,0.2,750
tuning_sets/tune_600_e.txt,100,0.1,0.2,691
tuning_sets/tune_600_e.txt,100,0.1,0.2,746
tuning_sets/tune_600_e.txt,100,0.1,0.2,758
tuning_sets/tune_600_e.txt,100,0.1,0.2,810
tuning_sets/tune_600_a.txt,100,0.1,0.3,845
tuning_sets/tune_600_a.txt,100,0.1,0.3,880
tuning_sets/tune_600_a.txt,100,0.1,0.3,848
tuning_sets/tune_600_a.txt,100,0.1,0.3,831
tuning_sets/tune_600_a.txt,100,0.1,0.3,772
tuning_sets/tune_600_b.txt,100,0.1,0.3,922
tuning_sets/tune_600_b.txt,100,0.1,0.3,850
tuning_sets/tune_600_b.txt,100,0.1,0.3,868
tuning_sets/tune_600_b.txt,100,0.1,0.3,899
tuning_sets/tune_600_b.txt,100,0.1,0.3,884
tuning_sets/tune_600_c.txt,100,0.1,0.3,877
tuning_sets/tune_600_c.txt,100,0.1,0.3,813
tuning_sets/tune_600_c.txt,100,0.1,0.3,807
tuning_sets/tune_600_c.txt,100,0.1,0.3,919
tuning_sets/tune_600_c.txt,100,0.1,0.3,759
tuning_sets/tune_600_d.txt,100,0.1,0.3,850
tuning_sets/tune_600_d.txt,100,0.1,0.3,930
tuning_sets/tune_600_d.txt,100,0.1,0.3,850
tuning_sets/tune_600_d.txt,100,0.1,0.3,926
tuning_sets/tune_600_d.txt,100,0.1,0.3,891
tuning_sets/tune_600_e.txt,100,0.1,0.3,984
tuning_sets/tune_600_e.txt,100,0.1,0.3,886
tuning_sets/tune_600_e.txt,100,0.1,0.3,742
tuning_sets/tune_600_e.txt,100,0.1,0.3,853
tuning_sets/tune_600_e.txt,100,0.1,0.3,891
tuning_sets/tune_600_a.txt,100,0.1,0.4,885
tuning_sets/tune_600_a.txt,100,0.1,0.4,1018
tuning_sets/tune_600_a.txt,100,0.1,0.4,942
tuning_sets/tune_600_a.txt,100,0.1,0.4,925
tuning_sets/tune_600_a.txt,100,0.1,0.4,925
tuning_sets/tune_600_b.txt,100,0.1,0.4,950
tuning_sets/tune_600_b.txt,100,0.1,0.4,967
tuning_sets/tune_600_b.txt,100,0.1,0.4,973
tuning_sets/tune_600_b.txt,100,0.1,0.4,946
tuning_sets/tune_600_b.txt,100,0.1,0.4,999
tuning_sets/tune_600_c.txt,100,0.1,0.4,903
tuning_sets/tune_600_c.txt,100,0.1,0.4,854
tuning_sets/tune_600_c.txt,100,0.1,0.4,972
tuning_sets/tune_600_c.txt,100,0.1,0.4,953
tuning_sets/tune_600_c.txt,100,0.1,0.4,987
tuning_sets/tune_600_d.txt,100,0.1,0.4,968
tuning_sets/tune_600_d.txt,100,0.1,0.4,915
tuning_sets/tune_600_d.txt,100,0.1,0.4,944
tuning_sets/tune_600_d.txt,100,0.1,0.4,1046
tuning_sets/tune_600_d.txt,100,0.1,0.4,975
tuning_sets/tune_600_e.txt,100,0.1,0.4,888
tuning_sets/tune_600_e.txt,100,0.1,0.4,944
tuning_sets/tune_600_e.txt,100,0.1,0.4,989
tuning_sets/tune_600_e.txt,100,0.1,0.4,885
tuning_sets/tune_600_e.txt,100,0.1,0.4,937
tuning_sets/tune_600_a.txt,100,0.1,0.5,973
tuning_sets/tune_600_a.txt,100,0.1,0.5,1071
tuning_sets/tune_600_a.txt,100,0.1,0.5,929
tuning_sets/tune_600_a.txt,100,0.1,0.5,996
tuning_sets/tune_600_a.txt,100,0.1,0.5,1016
tuning_sets/tune_600_b.txt,100,0.1,0.5,1037
tuning_sets/tune_600_b.txt,100,0.1,0.5,1047
tuning_sets/tune_600_b.txt,100,0.1,0.5,1031
tuning_sets/tune_600_b.txt,100,0.1,0.5,1010
tuning_sets/tune_600_b.txt,100,0.1,0.5,968
tuning_sets/tune_600_c.txt,100,0.1,0.5,957
tuning_sets/tune_600_c.txt,100,0.1,0.5,1042
tuning_sets/tune_600_c.txt,100,0.1,0.5,1066
tuning_sets/tune_600_c.txt,100,0.1,0.5,1029
tuning_sets/tune_600_c.txt,100,0.1,0.5,1018
tuning_sets/tune_600_d.txt,100,0.1,0.5,961
tuning_sets/tune_600_d.txt,100,0.1,0.5,951
tuning_sets/tune_600_d.txt,100,0.1,0.5,1071
tuning_sets/tune_600_d.txt,100,0.1,0.5,932
tuning_sets/tune_600_d.txt,100,0.1,0.5,994
tuning_sets/tune_600_e.txt,100,0.1,0.5,1006
tuning_sets/tune_600_e.txt,100,0.1,0.5,988
tuning_sets/tune_600_e.txt,100,0.1,0.5,931
tuning_sets/tune_600_e.txt,100,0.1,0.5,960
tuning_sets/tune_600_e.txt,100,0.1,0.5,995
tuning_sets/tune_600_a.txt,100,0.2,0.0,-325
tuning_sets/tune_600_a.txt,100,0.2,0.0,-227
tuning_sets/tune_600_a.txt,100,0.2,0.0,-346
tuning_sets/tune_600_a.txt,100,0.2,0.0,-245
tuning_sets/tune_600_a.txt,100,0.2,0.0,-215
tuning_sets/tune_600_b.txt,100,0.2,0.0,-270
tuning_sets/tune_600_b.txt,100,0.2,0.0,-389
tuning_sets/tune_600_b.txt,100,0.2,0.0,-321
tuning_sets/tune_600_b.txt,100,0.2,0.0,-295
tuning_sets/tune_600_b.txt,100,0.2,0.0,-247
tuning_sets/tune_600_c.txt,100,0.2,0.0,-356
tuning_sets/tune_600_c.txt,100,0.2,0.0,-211
tuning_sets/tune_600_c.txt,100,0.2,0.0,-257
tuning_sets/tune_600_c.txt,100,0.2,0.0,-393
tuning_sets/tune_600_c.txt,100,0.2,0.0,-323
tuning_sets/tune_600_d.txt,100,0.2,0.0,-269
tuning_sets/tune_600_d.txt,100,0.2,0.0,-315
tuning_sets/tune_600_d.txt,100,0.2,0.0,-200
tuning_sets/tune_600_d.txt,100,0.2,0.0,-320
tuning_sets/tune_600_d.txt,100,0.2,0.0,-249
tuning_sets/tune_600_e.txt,100,0.2,0.0,-342
tuning_sets/tune_600_e.txt,100,0.2,0.0,-343
tuning_sets/tune_600_e.txt,100,0.2,0.0,-367
tuning_sets/tune_600_e.txt,100,0.2,0.0,-178
tuning_sets/tune_600_e.txt,100,0.2,0.0,-73
tuning_sets/tune_600_a.txt,100,0.2,0.1,356
tuning_sets/tune_600_a.txt,100,0.2,0.1,313
tuning_sets/tune_600_a.txt,100,0.2,0.1,367
tuning_sets/tune_600_a.txt,100,0.2,0.1,273
tuning_sets/tune_600_a.txt,100,0.2,0.1,334
tuning_sets/tune_600_b.txt,100,0.2,0.1,321
tuning_sets/tune_600_b.txt,100,0.2,0.1,324
tuning_sets/tune_600_b.txt,100,0.2,0.1,371
tuning_sets/tune_600_b.txt,100,0.2,0.1,332
tuning_sets/tune_600_b.txt,100,0.2,0.1,405
tuning_sets/tune_600_c.txt,100,0.2,0.1,395
tuning_sets/tune_600_c.txt,100,0.2,0.1,478
tuning_sets/tune_600_c.txt,100,0.2,0.1,345
tuning_sets/tune_600_c.txt,100,0.2,0.1,370
tuning_sets/tune_600_c.txt,100,0.2,0.1,225
tuning_sets/tune_600_d.txt,100,0.2,0.1,320
tuning_sets/tune_600_d.txt,100,0.2,0.1,349
tuning_sets/tune_600_d.txt,100,0.2,0.1,380
tuning_sets/tune_600_d.txt,100,0.2,0.1,415
tuning_sets/tune_600_d.txt,100,0.2,0.1,374
tuning_sets/tune_600_e.txt,100,0.2,0.1,291
tuning_sets/tune_600_e.txt,100,0.2,0.1,328
tuning_sets/tune_600_e.txt,100,0.2,0.1,347
tuning_sets/tune_600_e.txt,100,0.2,0.1,343
tuning_sets/tune_600_e.txt,100,0.2,0.1,347
tuning_sets/tune_600_a.txt,100,0.2,0.2,542
tuning_sets/tune_600_a.txt,100,0.2,0.2,574
tuning_sets/tune_600_a.txt,100,0.2,0.2,492
tuning_sets/tune_600_a.txt,100,0.2,0.2,499
tuning_sets/tune_600_a.txt,100,0.2,0.2,551
tuning_sets/tune_600_b.txt,100,0.2,0.2,431
tuning_sets/tune_600_b.txt,100,0.2,0.2,527
tuning_sets/tune_600_b.txt,100,0.2,0.2,409
tuning_sets/tune_600_b.txt,100,0.2,0.2,589
tuning_sets/tune_600_b.txt,100,0.2,0.2,478
tuning_sets/tune_600_c.txt,100,0.2,0.2,543
tuning_sets/tune_600_c.txt,100,0.2,0.2,472
tuning_sets/tune_600_c.txt,100,0.2,0.2,477
tuning_sets/tune_600_c.txt,100,0.2,0.2,553
tuning_sets/tune_600_c.txt,100,0.2,0.2,590
tuning_sets/tune_600_d.txt,100,0.2,0.2,522
tuning_sets/tune_600_d.txt,100,0.2,0.2,563
tuning_sets/tune_600_d.txt,100,0.2,0.2,467
tuning_sets/tune_600_d.txt,100,0.2,0.2,436
tuning_sets/tune_600_d.txt,100,0.2,0.2,560
tuning_sets/tune_600_e.txt,100,0.2,0.2,436
tuning_sets/tune_600_e.txt,100,0.2,0.2,526
tuning_sets/tune_600_e.txt,100,0.2,0.2,498
tuning_sets/tune_600_e.txt,100,0.2,0.2,569
tuning_sets/tune_600_e.txt,100,0.2,0.2,445
tuning_sets/tune_600_a.txt,100,0.2,0.3,602
tuning_sets/tune_600_a.txt,100,0.2,0.3,640
tuning_sets/tune_600_a.txt,100,0.2,0.3,656
tuning_sets/tune_600_a.txt,100,0.2,0.3,567
tuning_sets/tune_600_a.txt,100,0.2,0.3,500
tuning_sets/tune_600_b.txt,100,0.2,0.3,558
tuning_sets/tune_600_b.txt,100,0.2,0.3,623
tuning_sets/tune_600_b.txt,100,0.2,0.3,694
tuning_sets/tune_600_b.txt,100,0.2,0.3,634
tuning_sets/tune_600_b.txt,100,0.2,0.3,567
tuning_sets/tune_600_c.txt,100,0.2,0.3,467
tuning_sets/tune_600_c.txt,100,0.2,0.3,611
tuning_sets/tune_600_c.txt,100,0.2,0.3,570
tuning_sets/tune_600_c.txt,100,0.2,0.3,605
tuning_sets/tune_600_c.txt,100,0.2,0.3,635
tuning_sets/tune_600_d.txt,100,0.2,0.3,604
tuning_sets/tune_600_d.txt,100,0.2,0.3,658
tuning_sets/tune_600_d.txt,100,0.2,0.3,562
tuning_sets/tune_600_d.txt,100,0.2,0.3,558
tuning_sets/tune_600_d.txt,100,0.2,0.3,602
tuning_sets/tune_600_e.txt,100,0.2,0.3,534
tuning_sets/tune_600_e.txt,100,0.2,0.3,561
tuning_sets/tune_600_e.txt,100,0.2,0.3,707
tuning_sets/tune_600_e.txt,100,0.2,0.3,620
tuning_sets/tune_600_e.txt,100,0.2,0.3,466
tuning_sets/tune_600_a.txt,100,0.2,0.4,712
tuning_sets/tune_600_a.txt,100,0.2,0.4,592
tuning_sets/tune_600_a.txt,100,0.2,0.4,717
tuning_sets/tune_600_a.txt,100,0.2,0.4,694
tuning_sets/tune_600_a.txt,100,0.2,0.4,670
tuning_sets/tune_600_b.txt,100,0.2,0.4,675
tuning_sets/tune_600_b.txt,100,0.2,0.4,577
tuning_sets/tune_600_b.txt,100,0.2,0.4,712
tuning_sets/tune_600_b.txt,100,0.2,0.4,657
tuning_sets/tune_600_b.txt,100,0.2,0.4,684
tuning_sets/tune_600_c.txt,100,0.2,0.4,752
tuning_sets/tune_600_c.txt,100,0.2,0.4,613
tuning_sets/tune_600_c.txt,100,0.2,0.4,639
tuning_sets/tune_600_c.txt,100,0.2,0.4,514
tuning_sets/tune_600_c.txt,100,0.2,0.4,666
tuning_sets/tune_600_d.txt,100,0.2,0.4,731
tuning_sets/tune_600_d.txt,100,0.2,0.4,672
tuning_sets/tune_600_d.txt,100,0.2,0.4,622
tuning_sets/tune_600_d.txt,100,0.2,0.4,610
tuning_sets/tune_600_d.txt,100,0.2,0.4,699
tuning_sets/tune_600_e.txt,100,0.2,0.4,692
tuning_sets/tune_600_e.txt,100,0.2,0.4,685
tuning_sets/tune_600_e.txt,100,0.2,0.4,665
tuning_sets/tune_600_e.txt,100,0.2,0.4,617
tuning_sets/tune_600_e.txt,100,0.2,0.4,691
tuning_sets/tune_600_a.txt,100,0.2,0.5,712
tuning_sets/tune_600_a.txt,100,0.2,0.5,759
tuning_sets/tune_600_a.txt,100,0.2,0.5,717
tuning_sets/tune_600_a.txt,100,0.2,0.5,682
tuning_sets/tune_600_a.txt,100,0.2,0.5,732
tuning_sets/tune_600_b.txt,100,0.2,0.5,720
tuning_sets/tune_600_b.txt,100,0.2,0.5,652
tuning_sets/tune_600_b.txt,100,0.2,0.5,762
tuning_sets/tune_600_b.txt,100,0.2,0.5,681
tuning_sets/tune_600_b.txt,100,0.2,0.5,718
tuning_sets/tune_600_c.txt,100,0.2,0.5,683
tuning_sets/tune_600_c.txt,100,0.2,0.5,700
tuning_sets/tune_600_c.txt,100,0.2,0.5,764
tuning_sets/tune_600_c.txt,100,0.2,0.5,721
tuning_sets/tune_600_c.txt,100,0.2,0.5,667
tuning_sets/tune_600_d.txt,100,0.2,0.5,772
tuning_sets/tune_600_d.txt,100,0.2,0.5,722
tuning_sets/tune_600_d.txt,100,0.2,0.5,744
tuning_sets/tune_600_d.txt,100,0.2,0.5,730
tuning_sets/tune_600_d.txt,100,0.2,0.5,671
tuning_sets/tune_600_e.txt,100,0.2,0.5,664
tuning_sets/tune_600_e.txt,100,0.2,0.5,780
tuning_sets/tune_600_e.txt,100,0.2,0.5,772
tuning_sets/tune_600_e.txt,100,0.2,0.5,768
tuning_sets/tune_600_e.txt,100,0.2,0.5,722
tuning_sets/tune_600_a.txt,100,0.3,0.0,-129
tuning_sets/tune_600_a.txt,100,0.3,0.0,-340
tuning_sets/tune_600_a.txt,100,0.3,0.0,-207
tuning_sets/tune_600_a.txt,100,0.3,0.0,-162
tuning_sets/tune_600_a.txt,100,0.3,0.0,-339
tuning_sets/tune_600_b.txt,100,0.3,0.0,-279
tuning_sets/tune_600_b.txt,100,0.3,0.0,-252
tuning_sets/tune_600_b.txt,100,0.3,0.0,-264
tuning_sets/tune_600_b.txt,100,0.3,0.0,-247
tuning_sets/tune_600_b.txt,100,0.3,0.0,-345
tuning_sets/tune_600_c.txt,100,0.3,0.0,-126
tuning_sets/tune_600_c.txt,100,0.3,0.0,-152
tuning_sets/tune_600_c.txt,100,0.3,0.0,-290
tuning_sets/tune_600_c.txt,100,0.3,0.0,-323
tuning_sets/tune_600_c.txt,100,0.3,0.0,-185
tuning_sets/tune_600_d.txt,100,0.3,0.0,-259
tuning_sets/tune_600_d.txt,100,0.3,0.0,-110
tuning_sets/tune_600_d.txt,100,0.3,0.0,-311
tuning_sets/tune_600_d.txt,100,0.3,0.0,-256
tuning_sets/tune_600_d.txt,100,0.3,0.0,-370
tuning_sets/tune_600_e.txt,100,0.3,0.0,-293
tuning_sets/tune_600_e.txt,100,0.3,0.0,-317
tuning_sets/tune_600_e.txt,100,0.3,0.0,-264
tuning_sets/tune_600_e.txt,100,0.3,0.0,-315
tuning_sets/tune_600_e.txt,100,0.3,0.0,-239
tuning_sets/tune_600_a.txt,100,0.3,0.1,252
tuning_sets/tune_600_a.txt,100,0.3,0.1,276
tuning_sets/tune_600_a.txt,100,0.3,0.1,165
tuning_sets/tune_600_a.txt,100,0.3,0.1,288
tuning_sets/tune_600_a.txt,100,0.3,0.1,121
tuning_sets/tune_600_b.txt,100,0.3,0.1,215
tuning_sets/tune_600_b.txt,100,0.3,0.1,220
tuning_sets/tune_600_b.txt,100,0.3,0.1,301
tuning_sets/tune_600_b.txt,100,0.3,0.1,210
tuning_sets/tune_600_b.txt,100,0.3,0.1,264
tuning_sets/tune_600_c.txt,100,0.3,0.1,231
tuning_sets/tune_600_c.txt,100,0.3,0.1,280
tuning_sets/tune_600_c.txt,100,0.3,0.1,264
tuning_sets/tune_600_c.txt,100,0.3,0.1,151
tuning_sets/tune_600_c.txt,100,0.3,0.1,250
tuning_sets/tune_600_d.txt,100,0.3,0.1,113
tuning_sets/tune_600_d.txt,100,0.3,0.1,197
tuning_sets/tune_600_d.txt,100,0.3,0.1,335
tuning_sets/tune_600_d.txt,100,0.3,0.1,232
tuning_sets/tune_600_d.txt,100,0.3,0.1,235
tuning_sets/tune_600_e.txt,100,0.3,0.1,190
tuning_sets/tune_600_e.txt,100,0.3,0.1,200
tuning_sets/tune_600_e.txt,100,0.3,0.1,248
tuning_sets/tune_600_e.txt,100,0.3,0.1,274
tuning_sets/tune_600_e.txt,100,0.3,0.1,387
tuning_sets/tune_600_a.txt,100,0.3,0.2,331
tuning_sets/tune_600_a.txt,100,0.3,0.2,340
tuning_sets/tune_600_a.txt,100,0.3,0.2,317
tuning_sets/tune_600_a.txt,100,0.3,0.2,406
tuning_sets/tune_600_a.txt,100,0.3,0.2,423
tuning_sets/tune_600_b.txt,100,0.3,0.2,420
tuning_sets/tune_600_b.txt,100,0.3,0.2,350
tuning_sets/tune_600_b.txt,100,0.3,0.2,448
tuning_sets/tune_600_b.txt,100,0.3,0.2,320
tuning_sets/tune_600_b.txt,100,0.3,0.2,395
tuning_sets/tune_600_c.txt,100,0.3,0.2,426
tuning_sets/tune_600_c.txt,100,0.3,0.2,356
tuning_sets/tune_600_c.txt,100,0.3,0.2,285
tuning_sets/tune_600_c.txt,100,0.3,0.2,369
tuning_sets/tune_600_c.txt,100,0.3,0.2,372
tuning_sets/tune_600_d.txt,100,0.3,0.2,324
tuning_sets/tune_600_d.txt,100,0.3,0.2,316
tuning_sets/tune_600_d.txt,100,0.3,0.2,431
tuning_sets/tune_600_d.txt,100,0.3,0.2,327
tuning_sets/tune_600_d.txt,100,0.3,0.2,364
tuning_sets/tune_600_e.txt,100,0.3,0.2,281
tuning_sets/tune_600_e.txt,100,0.3,0.2,335
tuning_sets/tune_600_e.txt,100,0.3,0.2,273
tuning_sets/tune_600_e.txt,100,0.3,0.2,354
tuning_sets/tune_600_e.txt,100,0.3,0.2,315
tuning_sets/tune_600_a.txt,100,0.3,0.3,425
tuning_sets/tune_600_a.txt,100,0.3,0.3,308
tuning_sets/tune_600_a.txt,100,0.3,0.3,510
tuning_sets/tune_600_a.txt,100,0.3,0.3,378
tuning_sets/tune_600_a.txt,100,0.3,0.3,426
tuning_sets/tune_600_b.txt,100,0.3,0.3,544
tuning_sets/tune_600_b.txt,100,0.3,0.3,437
tuning_sets/tune_600_b.txt,100,0.3,0.3,467
tuning_sets/tune_600_b.txt,100,0.3,0.3,565
tuning_sets/tune_600_b.txt,100,0.3,0.3,451
tuning_sets/tune_600_c.txt,100,0.3,0.3,296
tuning_sets/tune_600_c.txt,100,0.3,0.3,575
tuning_sets/tune_600_c.txt,100,0.3,0.3,347
tuning_sets/tune_600_c.txt,100,0.3,0.3,458
tuning_sets/tune_600_c.txt,100,0.3,0.3,486
tuning_sets/tune_600_d.txt,100,0.3,0.3,376
tuning_sets/tune_600_d.txt,100,0.3,0.3,477
tuning_sets/tune_600_d.txt,100,0.3,0.3,453
tuning_sets/tune_600_d.txt,100,0.3,0.3,474
tuning_sets/tune_600_d.txt,100,0.3,0.3,476
tuning_sets/tune_600_e.txt,100,0.3,0.3,364
tuning_sets/tune_600_e.txt,100,0.3,0.3,410
tuning_sets/tune_600_e.txt,100,0.3,0.3,409
tuning_sets/tune_600_e.txt,100,0.3,0.3,470
tuning_sets/tune_600_e.txt,100,0.3,0.3,404
tuning_sets/tune_600_a.txt,100,0.3,0.4,492
tuning_sets/tune_600_a.txt,100,0.3,0.4,507
tuning_sets/tune_600_a.txt,100,0.3,0.4,633
tuning_sets/tune_600_a.txt,100,0.3,0.4,461
tuning_sets/tune_600_a.txt,100,0.3,0.4,479
tuning_sets/tune_600_b.txt,100,0.3,0.4,477
tuning_sets/tune_600_b.txt,100,0.3,0.4,420
tuning_sets/tune_600_b.txt,100,0.3,0.4,368
tuning_sets/tune_600_b.txt,100,0.3,0.4,493
tuning_sets/tune_600_b.txt,100,0.3,0.4,547
tuning_sets/tune_600_c.txt,100,0.3,0.4,526
tuning_sets/tune_600_c.txt,100,0.3,0.4,441
tuning_sets/tune_600_c.txt,100,0.3,0.4,417
tuning_sets/tune_600_c.txt,100,0.3,0.4,535
tuning_sets/tune_600_c.txt,100,0.3,0.4,474
tuning_sets/tune_600_d.txt,100,0.3,0.4,427
tuning_sets/tune_600_d.txt,100,0.3,0.4,456
tuning_sets/tune_600_d.txt,100,0.3,0.4,453
tuning_sets/tune_600_d.txt,100,0.3,0.4,443
tuning_sets/tune_600_d.txt,100,0.3,0.4,487
tuning_sets/tune_600_e.txt,100,0.3,0.4,553
tuning_sets/tune_600_e.txt,100,0.3,0.4,506
tuning_sets/tune_600_e.txt,100,0.3,0.4,560
tuning_sets/tune_600_e.txt,100,0.3,0.4,502
tuning_sets/tune_600_e.txt,100,0.3,0.4,476
tuning_sets/tune_600_a.txt,100,0.3,0.5,630
tuning_sets/tune_600_a.txt,100,0.3,0.5,565
tuning_sets/tune_600_a.txt,100,0.3,0.5,561
tuning_sets/tune_600_a.txt,100,0.3,0.5,528
tuning_sets/tune_600_a.txt,100,0.3,0.5,534
tuning_sets/tune_600_b.txt,100,0.3,0.5,525
tuning_sets/tune_600_b.txt,100,0.3,0.5,573
tuning_sets/tune_600_b.txt,100,0.3,0.5,686
tuning_sets/tune_600_b.txt,100,0.3,0.5,525
tuning_sets/tune_600_b.txt,100,0.3,0.5,679
tuning_sets/tune_600_c.txt,100,0.3,0.5,475
tuning_sets/tune_600_c.txt,100,0.3,0.5,552
tuning_sets/tune_600_c.txt,100,0.3,0.5,604
tuning_sets/tune_600_c.txt,100,0.3,0.5,526
tuning_sets/tune_600_c.txt,100,0.3,0.5,511
tuning_sets/tune_600_d.txt,100,0.3,0.5,513
tuning_sets/tune_600_d.txt,100,0.3,0.5,488
tuning_sets/tune_600_d.txt,100,0.3,0.5,499
tuning_sets/tune_600_d.txt,100,0.3,0.5,541
tuning_sets/tune_600_d.txt,100,0.3,0.5,530
tuning_sets/tune_600_e.txt,100,0.3,0.5,485
tuning_sets/tune_600_e.txt,100,0.3,0.5,583
tuning_sets/tune_600_e.txt,100,0.3,0.5,440
tuning_sets/tune_600_e.txt,100,0.3,0.5,351
tuning_sets/tune_600_e.txt,100,0.3,0.5,527
tuning_sets/tune_600_a.txt,1000,0.0,0.0,-112
tuning_sets/tune_600_a.txt,1000,0.0,0.0,-145
tuning_sets/tune_600_a.txt,1000,0.0,0.0,-153
tuning_sets/tune_600_a.txt,1000,0.0,0.0,19
tuning_sets/tune_600_a.txt,1000,0.0,0.0,-200
tuning_sets/tune_600_b.txt,1000,0.0,0.0,-60
tuning_sets/tune_600_b.txt,1000,0.0,0.0,-72
tuning_sets/tune_600_b.txt,1000,0.0,0.0,-125
tuning_sets/tune_600_b.txt,1000,0.0,0.0,-124
tuning_sets/tune_600_b.txt,1000,0.0,0.0,-121
tuning_sets/tune_600_c.txt,1000,0.0,0.0,-139
tuning_sets/tune_600_c.txt,1000,0.0,0.0,-50
tuning_sets/tune_600_c.txt,1000,0.0,0.0,-123
tuning_sets/tune_600_c.txt,1000,0.0,0.0,14
tuning_sets/tune_600_c.txt,1000,0.0,0.0,-9
tuning_sets/tune_600_d.txt,1000,0.0,0.0,-186
tuning_sets/tune_600_d.txt,1000,0.0,0.0,-228
tuning_sets/tune_600_d.txt,1000,0.0,0.0,-145
tuning_sets/tune_600_d.txt,1000,0.0,0.0,-165
tuning_sets/tune_600_d.txt,1000,0.0,0.0,25
tuning_sets/tune_600_e.txt,1000,0.0,0.0,-105
tuning_sets/tune_600_e.txt,1000,0.0,0.0,-112
tuning_sets/tune_600_e.txt,1000,0.0,0.0,-69
tuning_sets/tune_600_e.txt,1000,0.0,0.0,-170
tuning_sets/tune_600_e.txt,1000,0.0,0.0,-199
tuning_sets/tune_600_a.txt,1000,0.0,0.1,185
tuning_sets/tune_600_a.txt,1000,0.0,0.1,159
tuning_sets/tune_600_a.txt,1000,0.0,0.1,267
tuning_sets/tune_600_a.txt,1000,0.0,0.1,229
tuning_sets/tune_600_a.txt,1000,0.0,0.1,230
tuning_sets/tune_600_b.txt,1000,0.0,0.1,227
tuning_sets/tune_600_b.txt,1000,0.0,0.1,156
tuning_sets/tune_600_b.txt,1000,0.0,0.1,276
tuning_sets/tune_600_b.txt,1000,0.0,0.1,135
tuning_sets/tune_600_b.txt,1000,0.0,0.1,169
tuning_sets/tune_600_c.txt,1000,0.0,0.1,217
tuning_sets/tune_600_c.txt,1000,0.0,0.1,238
tuning_sets/tune_600_c.txt,1000,0.0,0.1,194
tuning_sets/tune_600_c.txt,1000,0.0,0.1,186
tuning_sets/tune_600_c.txt,1000,0.0,0.1,118
tuning_sets/tune_600_d.txt,1000,0.0,0.1,94
tuning_sets/tune_600_d.txt,1000,0.0,0.1,139
tuning_sets/tune_600_d.txt,1000,0.0,0.1,261
tuning_sets/tune_600_d.txt,1000,0.0,0.1,51
tuning_sets/tune_600_d.txt,1000,0.0,0.1,112
tuning_sets/tune_600_e.txt,1000,0.0,0.1,187
tuning_sets/tune_600_e.txt,1000,0.0,0.1,108
tuning_sets/tune_600_e.txt,1000,0.0,0.1,134
tuning_sets/tune_600_e.txt,1000,0.0,0.1,174
tuning_sets/tune_600_e.txt,1000,0.0,0.1,262
tuning_sets/tune_600_a.txt,1000,0.0,0.2,210
tuning_sets/tune_600_a.txt,1000,0.0,0.2,230
tuning_sets/tune_600_a.txt,1000,0.0,0.2,252
tuning_sets/tune_600_a.txt,1000,0.0,0.2,255
tuning_sets/tune_600_a.txt,1000,0.0,0.2,248
tuning_sets/tune_600_b.txt,1000,0.0,0.2,265
tuning_sets/tune_600_b.txt,1000,0.0,0.2,180
tuning_sets/tune_600_b.txt,1000,0.0,0.2,286
tuning_sets/tune_600_b.txt,1000,0.0,0.2,13
tuning_sets/tune_600_b.txt,1000,0.0,0.2,220
tuning_sets/tune_600_c.txt,1000,0.0,0.2,205
tuning_sets/tune_600_c.txt,1000,0.0,0.2,207
tuning_sets/tune_600_c.txt,1000,0.0,0.2,200
tuning_sets/tune_600_c.txt,1000,0.0,0.2,248
tuning_sets/tune_600_c.txt,1000,0.0,0.2,203
tuning_sets/tune_600_d.txt,1000,0.0,0.2,194
tuning_sets/tune_600_d.txt,1000,0.0,0.2,156
tuning_sets/tune_600_d.txt,1000,0.0,0.2,219
tuning_sets/tune_600_d.txt,1000,0.0,0.2,328
tuning_sets/tune_600_d.txt,1000,0.0,0.2,293
tuning_sets/tune_600_e.txt,1000,0.0,0.2,177
tuning_sets/tune_600_e.txt,1000,0.0,0.2,191
tuning_sets/tune_600_e.txt,1000,0.0,0.2,259
tuning_sets/tune_600_e.txt,1000,0.0,0.2,209
tuning_sets/tune_600_e.txt,1000,0.0,0.2,253
tuning_sets/tune_600_a.txt,1000,0.0,0.3,96
tuning_sets/tune_600_a.txt,1000,0.0,0.3,327
tuning_sets/tune_600_a.txt,1000,0.0,0.3,262
tuning_sets/tune_600_a.txt,1000,0.0,0.3,219
tuning_sets/tune_600_a.txt,1000,0.0,0.3,297
tuning_sets/tune_600_b.txt,1000,0.0,0.3,332
tuning_sets/tune_600_b.txt,1000,0.0,0.3,220
tuning_sets/tune_600_b.txt,1000,0.0,0.3,295
tuning_sets/tune_600_b.txt,1000,0.0,0.3,200
tuning_sets/tune_600_b.txt,1000,0.0,0.3,263
tuning_sets/tune_600_c.txt,1000,0.0,0.3,290
tuning_sets/tune_600_c.txt,1000,0.0,0.3,251
tuning_sets/tune_600_c.txt,1000,0.0,0.3,366
tuning_sets/tune_600_c.txt,1000,0.0,0.3,273
tuning_sets/tune_600_c.txt,1000,0.0,0.3,163
tuning_sets/tune_600_d.txt,1000,0.0,0.3,328
tuning_sets/tune_600_d.txt,1000,0.0,0.3,286
tuning_sets/tune_600_d.txt,1000,0.0,0.3,381
tuning_sets/tune_600_d.txt,1000,0.0,0.3,261
tuning_sets/tune_600_d.txt,1000,0.0,0.3,195
tuning_sets/tune_600_e.txt,1000,0.0,0.3,277
tuning_sets/tune_600_e.txt,1000,0.0,0.3,255
tuning_sets/tune_600_e.txt,1000,0.0,0.3,195
tuning_sets/tune_600_e.txt,1000,0.0,0.3,186
tuning_sets/tune_600_e.txt,1000,0.0,0.3,233
tuning_sets/tune_600_a.txt,1000,0.0,0.4,261
tuning_sets/tune_600_a.txt,1000,0.0,0.4,278
tuning_sets/tune_600_a.txt,1000,0.0,0.4,320
tuning_sets/tune_600_a.txt,1000,0.0,0.4,215
tuning_sets/tune_600_a.txt,1000,0.0,0.4,146
tuning_sets/tune_600_b.txt,1000,0.0,0.4,225
tuning_sets/tune_600_b.txt,1000,0.0,0.4,358
tuning_sets/tune_600_b.txt,1000,0.0,0.4,276
tuning_sets/tune_600_b.txt,1000,0.0,0.4,188
tuning_sets/tune_600_b.txt,1000,0.0,0.4,278
tuning_sets/tune_600_c.txt,1000,0.0,0.4,238
tuning_sets/tune_600_c.txt,1000,0.0,0.4,207
tuning_sets/tune_600_c.txt,1000,0.0,0.4,263
tuning_sets/tune_600_c.txt,1000,0.0,0.4,345
tuning_sets/tune_600_c.txt,1000,0.0,0.4,356
tuning_sets/tune_600_d.txt,1000,0.0,0.4,287
tuning_sets/tune_600_d.txt,1000,0.0,0.4,335
tuning_sets/tune_600_d.txt,1000,0.0,0.4,342
tuning_sets/tune_600_d.txt,1000,0.0,0.4,265
tuning_sets/tune_600_d.txt,1000,0.0,0.4,194
tuning_sets/tune_600_e.txt,1000,0.0,0.4,380
tuning_sets/tune_600_e.txt,1000,0.0,0.4,277
tuning_sets/tune_600_e.txt,1000,0.0,0.4,378
tuning_sets/tune_600_e.txt,1000,0.0,0.4,242
tuning_sets/tune_600_e.txt,1000,0.0,0.4,223
tuning_sets/tune_600_a.txt,1000,0.0,0.5,358
tuning_sets/tune_600_a.txt,1000,0.0,0.5,252
tuning_sets/tune_600_a.txt,1000,0.0,0.5,258
tuning_sets/tune_600_a.txt,1000,0.0,0.5,264
tuning_sets/tune_600_a.txt,1000,0.0,0.5,219
tuning_sets/tune_600_b.txt,1000,0.0,0.5,207
tuning_sets/tune_600_b.txt,1000,0.0,0.5,226
tuning_sets/tune_600_b.txt,1000,0.0,0.5,322
tuning_sets/tune_600_b.txt,1000,0.0,0.5,349
tuning_sets/tune_600_b.txt,1000,0.0,0.5,-21
tuning_sets/tune_600_c.txt,1000,0.0,0.5,242
tuning_sets/tune_600_c.txt,1000,0.0,0.5,214
tuning_sets/tune_600_c.txt,1000,0.0,0.5,299
tuning_sets/tune_600_c.txt,1000,0.0,0.5,274
tuning_sets/tune_600_c.txt,1000,0.0,0.5,264
tuning_sets/tune_600_d.txt,1000,0.0,0.5,374
tuning_sets/tune_600_d.txt,1000,0.0,0.5,378
tuning_sets/tune_600_d.txt,1000,0.0,0.5,287
tuning_sets/tune_600_d.txt,1000,0.0,0.5,256
tuning_sets/tune_600_d.txt,1000,0.0,0.5,204
tuning_sets/tune_600_e.txt,1000,0.0,0.5,312
tuning_sets/tune_600_e.txt,1000,0.0,0.5,185
tuning_sets/tune_600_e.txt,1000,0.0,0.5,342
tuning_sets/tune_600_e.txt,1000,0.0,0.5,88
tuning_sets/tune_600_e.txt,1000,0.0,0.5,-87
tuning_sets/tune_600_a.txt,1000,0.1,0.0,-279
tuning_sets/tune_600_a.txt,1000,0.1,0.0,-256
tuning_sets/tune_600_a.txt,1000,0.1,0.0,-281
tuning_sets/tune_600_a.txt,1000,0.1,0.0,-186
tuning_sets/tune_600_a.txt,1000,0.1,0.0,-198
tuning_sets/tune_600_b.txt,1000,0.1,0.0,-309
tuning_sets/tune_600_b.txt,1000,0.1,0.0,-289
tuning_sets/tune_600_b.txt,1000,0.1,0.0,-184
tuning_sets/tune_600_b.txt,1000,0.1,0.0,-260
tuning_sets/tune_600_b.txt,1000,0.1,0.0,-203
tuning_sets/tune_600_c.txt,1000,0.1,0.0,-224
tuning_sets/tune_600_c.txt,1000,0.1,0.0,-208
tuning_sets/tune_600_c.txt,1000,0.1,0.0,-149
tuning_sets/tune_600_c.txt,1000,0.1,0.0,-264
tuning_sets/tune_600_c.txt,1000,0.1,0.0,-218
tuning_sets/tune_600_d.txt,1000,0.1,0.0,-270
tuning_sets/tune_600_d.txt,1000,0.1,0.0,-260
tuning_sets/tune_600_d.txt,1000,0.1,0.0,-206
tuning_sets/tune_600_d.txt,1000,0.1,0.0,-246
tuning_sets/tune_600_d.txt,1000,0.1,0.0,-200
tuning_sets/tune_600_e.txt,1000,0.1,0.0,-295
tuning_sets/tune_600_e.txt,1000,0.1,0.0,-239
tuning_sets/tune_600_e.txt,1000,0.1,0.0,-248
tuning_sets/tune_600_e.txt,1000,0.1,0.0,-208
tuning_sets/tune_600_e.txt,1000,0.1,0.0,-244
tuning_sets/tune_600_a.txt,1000,0.1,0.1,-254
tuning_sets/tune_600_a.txt,1000,0.1,0.1,-205
tuning_sets/tune_600_a.txt,1000,0.1,0.1,-166
tuning_sets/tune_600_a.txt,1000,0.1,0.1,-198
tuning_sets/tune_600_a.txt,1000,0.1,0.1,-112
tuning_sets/tune_600_b.txt,1000,0.1,0.1,-279
tuning_sets/tune_600_b.txt,1000,0.1,0.1,-264
tuning_sets/tune_600_b.txt,1000,0.1,0.1,-156
tuning_sets/tune_600_b.txt,1000,0.1,0.1,-223
tuning_sets/tune_600_b.txt,1000,0.1,0.1,-171
tuning_sets/tune_600_c.txt,1000,0.1,0.1,-191
tuning_sets/tune_600_c.txt,1000,0.1,0.1,-288
tuning_sets/tune_600_c.txt,1000,0.1,0.1,-253
tuning_sets/tune_600_c.txt,1000,0.1,0.1,-253
tuning_sets/tune_600_c.txt,1000,0.1,0.1,-266
tuning_sets/tune_600_d.txt,1000,0.1,0.1,-249
tuning_sets/tune_600_d.txt,1000,0.1,0.1,-77
tuning_sets/tune_600_d.txt,1000,0.1,0.1,-181
tuning_sets/tune_600_d.txt,1000,0.1,0.1,-170
tuning_sets/tune_600_d.txt,1000,0.1,0.1,-224
tuning_sets/tune_600_e.txt,1000,0.1,0.1,-247
tuning_sets/tune_600_e.txt,1000,0.1,0.1,-153
tuning_sets/tune_600_e.txt,1000,0.1,0.1,-228
tuning_sets/tune_600_e.txt,1000,0.1,0.1,-231
tuning_sets/tune_600_e.txt,1000,0.1,0.1,-168
tuning_sets/tune_600_a.txt,1000,0.1,0.2,-200
tuning_sets/tune_600_a.txt,1000,0.1,0.2,-219
tuning_sets/tune_600_a.txt,1000,0.1,0.2,-172
tuning_sets/tune_600_a.txt,1000,0.1,0.2,-168
tuning_sets/tune_600_a.txt,1000,0.1,0.2,-232
tuning_sets/tune_600_b.txt,1000,0.1,0.2,-164
tuning_sets/tune_600_b.txt,1000,0.1,0.2,-190
tuning_sets/tune_600_b.txt,1000,0.1,0.2,-178
tuning_sets/tune_600_b.txt,1000,0.1,0.2,-232
tuning_sets/tune_600_b.txt,1000,0.1,0.2,-221
tuning_sets/tune_600_c.txt,1000,0.1,0.2,-147
tuning_sets/tune_600_c.txt,1000,0.1,0.2,-230
tuning_sets/tune_600_c.txt,1000,0.1,0.2,-231
tuning_sets/tune_600_c.txt,1000,0.1,0.2,-251
tuning_sets/tune_600_c.txt,1000,0.1,0.2,-252
tuning_sets/tune_600_d.txt,1000,0.1,0.2,-241
tuning_sets/tune_600_d.txt,1000,0.1,0.2,-229
tuning_sets/tune_600_d.txt,1000,0.1,0.2,-177
tuning_sets/tune_600_d.txt,1000,0.1,0.2,-255
tuning_sets/tune_600_d.txt,1000,0.1,0.2,-236
tuning_sets/tune_600_e.txt,1000,0.1,0.2,-243
tuning_sets/tune_600_e.txt,1000,0.1,0.2,-167
tuning_sets/tune_600_e.txt,1000,0.1,0.2,-175
tuning_sets/tune_600_e.txt,1000,0.1,0.2,-189
tuning_sets/tune_600_e.txt,1000,0.1,0.2,-144
tuning_sets/tune_600_a.txt,1000,0.1,0.3,-149
tuning_sets/tune_600_a.txt,1000,0.1,0.3,-286
tuning_sets/tune_600_a.txt,1000,0.1,0.3,-208
tuning_sets/tune_600_a.txt,1000,0.1,0.3,-216
tuning_sets/tune_600_a.txt,1000,0.1,0.3,-219
tuning_sets/tune_600_b.txt,1000,0.1,0.3,-248
tuning_sets/tune_600_b.txt,1000,0.1,0.3,-197
tuning_sets/tune_600_b.txt,1000,0.1,0.3,-219
tuning_sets/tune_600_b.txt,1000,0.1,0.3,-71
tuning_sets/tune_600_b.txt,1000,0.1,0.3,-232
tuning_sets/tune_600_c.txt,1000,0.1,0.3,-132
tuning_sets/tune_600_c.txt,1000,0.1,0.3,-204
tuning_sets/tune_600_c.txt,1000,0.1,0.3,-217
tuning_sets/tune_600_c.txt,1000,0.1,0.3,-220
tuning_sets/tune_600_c.txt,1000,0.1,0.3,-222
tuning_sets/tune_600_d.txt,1000,0.1,0.3,-166
tuning_sets/tune_600_d.txt,1000,0.1,0.3,-186
tuning_sets/tune_600_d.txt,1000,0.1,0.3,-172
tuning_sets/tune_600_d.txt,1000,0.1,0.3,-95
tuning_sets/tune_600_d.txt,1000,0.1,0.3,-211
tuning_sets/tune_600_e.txt,1000,0.1,0.3,-214
tuning_sets/tune_600_e.txt,1000,0.1,0.3,-245
tuning_sets/tune_600_e.txt,1000,0.1,0.3,-235
tuning_sets/tune_600_e.txt,1000,0.1,0.3,-246
tuning_sets/tune_600_e.txt,1000,0.1,0.3,-152
tuning_sets/tune_600_a.txt,1000,0.1,0.4,-193
tuning_sets/tune_600_a.txt,1000,0.1,0.4,-195
tuning_sets/tune_600_a.txt,1000,0.1,0.4,-264
tuning_sets/tune_600_a.txt,1000,0.1,0.4,-99
tuning_sets/tune_600_a.txt,1000,0.1,0.4,-97
tuning_sets/tune_600_b.txt,1000,0.1,0.4,-213
tuning_sets/tune_600_b.txt,1000,0.1,0.4,-136
tuning_sets/tune_600_b.txt,1000,0.1,0.4,-236
tuning_sets/tune_600_b.txt,1000,0.1,0.4,-193
tuning_sets/tune_600_b.txt,1000,0.1,0.4,-177
tuning_sets/tune_600_c.txt,1000,0.1,0.4,-172
tuning_sets/tune_600_c.txt,1000,0.1,0.4,-231
tuning_sets/tune_600_c.txt,1000,0.1,0.4,-219
tuning_sets/tune_600_c.txt,1000,0.1,0.4,-232
tuning_sets/tune_600_c.txt,1000,0.1,0.4,-143
tuning_sets/tune_600_d.txt,1000,0.1,0.4,-174
tuning_sets/tune_600_d.txt,1000,0.1,0.4,-130
tuning_sets/tune_600_d.txt,1000,0.1,0.4,-194
tuning_sets/tune_600_d.txt,1000,0.1,0.4,-200
tuning_sets/tune_600_d.txt,1000,0.1,0.4,-212
tuning_sets/tune_600_e.txt,1000,0.1,0.4,-229
tuning_sets/tune_600_e.txt,1000,0.1,0.4,-102
tuning_sets/tune_600_e.txt,1000,0.1,0.4,-92
tuning_sets/tune_600_e.txt,1000,0.1,0.4,-134
tuning_sets/tune_600_e.txt,1000,0.1,0.4,-187
tuning_sets/tune_600_a.txt,1000,0.1,0.5,-157
tuning_sets/tune_600_a.txt,1000,0.1,0.5,-234
tuning_sets/tune_600_a.txt,1000,0.1,0.5,-193
tuning_sets/tune_600_a.txt,1000,0.1,0.5,-187
tuning_sets/tune_600_a.txt,1000,0.1,0.5,-173
tuning_sets/tune_600_b.txt,1000,0.1,0.5,-167
tuning_sets/tune_600_b.txt,1000,0.1,0.5,-152
tuning_sets/tune_600_b.txt,1000,0.1,0.5,-185
tuning_sets/tune_600_b.txt,1000,0.1,0.5,-136
tuning_sets/tune_600_b.txt,1000,0.1,0.5,-205
tuning_sets/tune_600_c.txt,1000,0.1,0.5,-169
tuning_sets/tune_600_c.txt,1000,0.1,0.5,-109
tuning_sets/tune_600_c.txt,1000,0.1,0.5,-232
tuning_sets/tune_600_c.txt,1000,0.1,0.5,-172
tuning_sets/tune_600_c.txt,1000,0.1,0.5,-236
tuning_sets/tune_600_d.txt,1000,0.1,0.5,-92
tuning_sets/tune_600_d.txt,1000,0.1,0.5,-127
tuning_sets/tune_600_d.txt,1000,0.1,0.5,-213
tuning_sets/tune_600_d.txt,1000,0.1,0.5,-193
tuning_sets/tune_600_d.txt,1000,0.1,0.5,-185
tuning_sets/tune_600_e.txt,1000,0.1,0.5,-203
tuning_sets/tune_600_e.txt,1000,0.1,0.5,-228
tuning_sets/tune_600_e.txt,1000,0.1,0.5,-120
tuning_sets/tune_600_e.txt,1000,0.1,0.5,-276
tuning_sets/tune_600_e.txt,1000,0.1,0.5,-240
tuning_sets/tune_600_a.txt,1000,0.2,0.0,-251
tuning_sets/tune_600_a.txt,1000,0.2,0.0,-228
tuning_sets/tune_600_a.txt,1000,0.2,0.0,-290
tuning_sets/tune_600_a.txt,1000,0.2,0.0,-123
tuning_sets/tune_600_a.txt,1000,0.2,0.0,-243
tuning_sets/tune_600_b.txt,1000,0.2,0.0,-280
tuning_sets/tune_600_b.txt,1000,0.2,0.0,-206
tuning_sets/tune_600_b.txt,1000,0.2,0.0,-196
tuning_sets/tune_600_b.txt,1000,0.2,0.0,-249
tuning_sets/tune_600_b.txt,1000,0.2,0.0,-278
tuning_sets/tune_600_c.txt,1000,0.2,0.0,-207
tuning_sets/tune_600_c.txt,1000,0.2,0.0,-178
tuning_sets/tune_600_c.txt,1000,0.2,0.0,-264
tuning_sets/tune_600_c.txt,1000,0.2,0.0,-160
tuning_sets/tune_600_c.txt,1000,0.2,0.0,-220
tuning_sets/tune_600_d.txt,1000,0.2,0.0,-253
tuning_sets/tune_600_d.txt,1000,0.2,0.0,-214
tuning_sets/tune_600_d.txt,1000,0.2,0.0,-245
tuning_sets/tune_600_d.txt,1000,0.2,0.0,-247
tuning_sets/tune_600_d.txt,1000,0.2,0.0,-281
tuning_sets/tune_600_e.txt,1000,0.2,0.0,-237
tuning_sets/tune_600_e.txt,1000,0.2,0.0,-212
tuning_sets/tune_600_e.txt,1000,0.2,0.0,-334
tuning_sets/tune_600_e.txt,1000,0.2,0.0,-202
tuning_sets/tune_600_e.txt,1000,0.2,0.0,-270
tuning_sets/tune_600_a.txt,1000,0.2,0.1,-262
tuning_sets/tune_600_a.txt,1000,0.2,0.1,-236
tuning_sets/tune_600_a.txt,1000,0.2,0.1,-202
tuning_sets/tune_600_a.txt,1000,0.2,0.1,-225
tuning_sets/tune_600_a.txt,1000,0.2,0.1,-294
tuning_sets/tune_600_b.txt,1000,0.2,0.1,-249
tuning_sets/tune_600_b.txt,1000,0.2,0.1,-187
tuning_sets/tune_600_b.txt,1000,0.2,0.1,-247
tuning_sets/tune_600_b.txt,1000,0.2,0.1,-262
tuning_sets/tune_600_b.txt,1000,0.2,0.1,-301
tuning_sets/tune_600_c.txt,1000,0.2,0.1,-185
tuning_sets/tune_600_c.txt,1000,0.2,0.1,-189
tuning_sets/tune_600_c.txt,1000,0.2,0.1,-275
tuning_sets/tune_600_c.txt,1000,0.2,0.1,-273
tuning_sets/tune_600_c.txt,1000,0.2,0.1,-269
tuning_sets/tune_600_d.txt,1000,0.2,0.1,-223
tuning_sets/tune_600_d.txt,1000,0.2,0.1,-196
tuning_sets/tune_600_d.txt,1000,0.2,0.1,-226
tuning_sets/tune_600_d.txt,1000,0.2,0.1,-258
tuning_sets/tune_600_d.txt,1000,0.2,0.1,-235
tuning_sets/tune_600_e.txt,1000,0.2,0.1,-247
tuning_sets/tune_600_e.txt,1000,0.2,0.1,-246
tuning_sets/tune_600_e.txt,1000,0.2,0.1,-273
tuning_sets/tune_600_e.txt,1000,0.2,0.1,-199
tuning_sets/tune_600_e.txt,1000,0.2,0.1,-193
tuning_sets/tune_600_a.txt,1000,0.2,0.2,-219
tuning_sets/tune_600_a.txt,1000,0.2,0.2,-260
tuning_sets/tune_600_a.txt,1000,0.2,0.2,-269
tuning_sets/tune_600_a.txt,1000,0.2,0.2,-255
tuning_sets/tune_600_a.txt,1000,0.2,0.2,-291
tuning_sets/tune_600_b.txt,1000,0.2,0.2,-234
tuning_sets/tune_600_b.txt,1000,0.2,0.2,-251
tuning_sets/tune_600_b.txt,1000,0.2,0.2,-241
tuning_sets/tune_600_b.txt,1000,0.2,0.2,-225
tuning_sets/tune_600_b.txt,1000,0.2,0.2,-305
tuning_sets/tune_600_c.txt,1000,0.2,0.2,-230
tuning_sets/tune_600_c.txt,1000,0.2,0.2,-203
tuning_sets/tune_600_c.txt,1000,0.2,0.2,-163
tuning_sets/tune_600_c.txt,1000,0.2,0.2,-192
tuning_sets/tune_600_c.txt,1000,0.2,0.2,-242
tuning_sets/tune_600_d.txt,1000,0.2,0.2,-310
tuning_sets/tune_600_d.txt,1000,0.2,0.2,-227
tuning_sets/tune_600_d.txt,1000,0.2,0.2,-210
tuning_sets/tune_600_d.txt,1000,0.2,0.2,-252
tuning_sets/tune_600_d.txt,1000,0.2,0.2,-136
tuning_sets/tune_600_e.txt,1000,0.2,0.2,-228
tuning_sets/tune_600_e.txt,1000,0.2,0.2,-182
tuning_sets/tune_600_e.txt,1000,0.2,0.2,-251
tuning_sets/tune_600_e.txt,1000,0.2,0.2,-239
tuning_sets/tune_600_e.txt,1000,0.2,0.2,-266
tuning_sets/tune_600_a.txt,1000,0.2,0.3,-279
tuning_sets/tune_600_a.txt,1000,0.2,0.3,-217
tuning_sets/tune_600_a.txt,1000,0.2,0.3,-248
tuning_sets/tune_600_a.txt,1000,0.2,0.3,-189
tuning_sets/tune_600_a.txt,1000,0.2,0.3,-260
tuning_sets/tune_600_b.txt,1000,0.2,0.3,-287
tuning_sets/tune_600_b.txt,1000,0.2,0.3,-260
tuning_sets/tune_600_b.txt,1000,0.2,0.3,-211
tuning_sets/tune_600_b.txt,1000,0.2,0.3,-210
tuning_sets/tune_600_b.txt,1000,0.2,0.3,-134
tuning_sets/tune_600_c.txt,1000,0.2,0.3,-300
tuning_sets/tune_600_c.txt,1000,0.2,0.3,-216
tuning_sets/tune_600_c.txt,1000,0.2,0.3,-212
tuning_sets/tune_600_c.txt,1000,0.2,0.3,-93
tuning_sets/tune_600_c.txt,1000,0.2,0.3,-218
tuning_sets/tune_600_d.txt,1000,0.2,0.3,-266
tuning_sets/tune_600_d.txt,1000,0.2,0.3,-121
tuning_sets/tune_600_d.txt,1000,0.2,0.3,-283
tuning_sets/tune_600_d.txt,1000,0.2,0.3,-281
tuning_sets/tune_600_d.txt,1000,0.2,0.3,-209
tuning_sets/tune_600_e.txt,1000,0.2,0.3,-314
tuning_sets/tune_600_e.txt,1000,0.2,0.3,-302
tuning_sets/tune_600_e.txt,1000,0.2,0.3,-242
tuning_sets/tune_600_e.txt,1000,0.2,0.3,-78
tuning_sets/tune_600_e.txt,1000,0.2,0.3,-225
tuning_sets/tune_600_a.txt,1000,0.2,0.4,-270
tuning_sets/tune_600_a.txt,1000,0.2,0.4,-233
tuning_sets/tune_600_a.txt,1000,0.2,0.4,-165
tuning_sets/tune_600_a.txt,1000,0.2,0.4,-201
tuning_sets/tune_600_a.txt,1000,0.2,0.4,-141
tuning_sets/tune_600_b.txt,1000,0.2,0.4,-233
tuning_sets/tune_600_b.txt,1000,0.2,0.4,-260
tuning_sets/tune_600_b.txt,1000,0.2,0.4,-261
tuning_sets/tune_600_b.txt,1000,0.2,0.4,-185
tuning_sets/tune_600_b.txt,1000,0.2,0.4,-270
tuning_sets/tune_600_c.txt,1000,0.2,0.4,-237
tuning_sets/tune_600_c.txt,1000,0.2,0.4,-282
tuning_sets/tune_600_c.txt,1000,0.2,0.4,-280
tuning_sets/tune_600_c.txt,1000,0.2,0.4,-53
tuning_sets/tune_600_c.txt,1000,0.2,0.4,-189
tuning_sets/tune_600_d.txt,1000,0.2,0.4,-124
tuning_sets/tune_600_d.txt,1000,0.2,0.4,-197
tuning_sets/tune_600_d.txt,1000,0.2,0.4,-260
tuning_sets/tune_600_d.txt,1000,0.2,0.4,-239
tuning_sets/tune_600_d.txt,1000,0.2,0.4,-280
tuning_sets/tune_600_e.txt,1000,0.2,0.4,-254
tuning_sets/tune_600_e.txt,1000,0.2,0.4,-290
tuning_sets/tune_600_e.txt,1000,0.2,0.4,-237
tuning_sets/tune_600_e.txt,1000,0.2,0.4,-193
tuning_sets/tune_600_e.txt,1000,0.2,0.4,-226
tuning_sets/tune_600_a.txt,1000,0.2,0.5,-261
tuning_sets/tune_600_a.txt,1000,0.2,0.5,-248
tuning_sets/tune_600_a.txt,1000,0.2,0.5,-252
tuning_sets/tune_600_a.txt,1000,0.2,0.5,-275
tuning_sets/tune_600_a.txt,1000,0.2,0.5,-209
tuning_sets/tune_600_b.txt,1000,0.2,0.5,-227
tuning_sets/tune_600_b.txt,1000,0.2,0.5,-272
tuning_sets/tune_600_b.txt,1000,0.2,0.5,-220
tuning_sets/tune_600_b.txt,1000,0.2,0.5,-260
tuning_sets/tune_600_b.txt,1000,0.2,0.5,-276
tuning_sets/tune_600_c.txt,1000,0.2,0.5,-54
tuning_sets/tune_600_c.txt,1000,0.2,0.5,-256
tuning_sets/tune_600_c.txt,1000,0.2,0.5,-115
tuning_sets/tune_600_c.txt,1000,0.2,0.5,-235
tuning_sets/tune_600_c.txt,1000,0.2,0.5,-251
tuning_sets/tune_600_d.txt,1000,0.2,0.5,-229
tuning_sets/tune_600_d.txt,1000,0.2,0.5,-194
tuning_sets/tune_600_d.txt,1000,0.2,0.5,-236
tuning_sets/tune_600_d.txt,1000,0.2,0.5,-243
tuning_sets/tune_600_d.txt,1000,0.2,0.5,-208
tuning_sets/tune_600_e.txt,1000,0.2,0.5,-258
tuning_sets/tune_600_e.txt,1000,0.2,0.5,-194
tuning_sets/tune_600_e.txt,1000,0.2,0.5,-235
tuning_sets/tune_600_e.txt,1000,0.2,0.5,-167
tuning_sets/tune_600_e.txt,1000,0.2,0.5,-157
tuning_sets/tune_600_a.txt,1000,0.3,0.0,-248
tuning_sets/tune_600_a.txt,1000,0.3,0.0,-281
tuning_sets/tune_600_a.txt,1000,0.3,0.0,-246
tuning_sets/tune_600_a.txt,1000,0.3,0.0,-286
tuning_sets/tune_600_a.txt,1000,0.3,0.0,-240
tuning_sets/tune_600_b.txt,1000,0.3,0.0,-206
tuning_sets/tune_600_b.txt,1000,0.3,0.0,-273
tuning_sets/tune_600_b.txt,1000,0.3,0.0,-258
tuning_sets/tune_600_b.txt,1000,0.3,0.0,-259
tuning_sets/tune_600_b.txt,1000,0.3,0.0,-315
tuning_sets/tune_600_c.txt,1000,0.3,0.0,-243
tuning_sets/tune_600_c.txt,1000,0.3,0.0,-293
tuning_sets/tune_600_c.txt,1000,0.3,0.0,-207
tuning_sets/tune_600_c.txt,1000,0.3,0.0,-214
tuning_sets/tune_600_c.txt,1000,0.3,0.0,-261
tuning_sets/tune_600_d.txt,1000,0.3,0.0,-255
tuning_sets/tune_600_d.txt,1000,0.3,0.0,-228
tuning_sets/tune_600_d.txt,1000,0.3,0.0,-286
tuning_sets/tune_600_d.txt,1000,0.3,0.0,-255
tuning_sets/tune_600_d.txt,1000,0.3,0.0,-181
tuning_sets/tune_600_e.txt,1000,0.3,0.0,-311
tuning_sets/tune_600_e.txt,1000,0.3,0.0,-215
tuning_sets/tune_600_e.txt,1000,0.3,0.0,-243
tuning_sets/tune_600_e.txt,1000,0.3,0.0,-292
tuning_sets/tune_600_e.txt,1000,0.3,0.0,-157
tuning_sets/tune_600_a.txt,1000,0.3,0.1,-204
tuning_sets/tune_600_a.txt,1000,0.3,0.1,-280
tuning_sets/tune_600_a.txt,1000,0.3,0.1,-285
tuning_sets/tune_600_a.txt,1000,0.3,0.1,-262
tuning_sets/tune_600_a.txt,1000,0.3,0.1,-133
tuning_sets/tune_600_b.txt,1000,0.3,0.1,-236
tuning_sets/tune_600_b.txt,1000,0.3,0.1,-252
tuning_sets/tune_600_b.txt,1000,0.3,0.1,-265
tuning_sets/tune_600_b.txt,1000,0.3,0.1,-241
tuning_sets/tune_600_b.txt,1000,0.3,0.1,-222
tuning_sets/tune_600_c.txt,1000,0.3,0.1,-197
tuning_sets/tune_600_c.txt,1000,0.3,0.1,-208
tuning_sets/tune_600_c.txt,1000,0.3,0.1,-185
tuning_sets/tune_600_c.txt,1000,0.3,0.1,-218
tuning_sets/tune_600_c.txt,1000,0.3,0.1,-261
tuning_sets/tune_600_d.txt,1000,0.3,0.1,-227
tuning_sets/tune_600_d.txt,1000,0.3,0.1,-230
tuning_sets/tune_600_d.txt,1000,0.3,0.1,-255
tuning_sets/tune_600_d.txt,1000,0.3,0.1,-265
tuning_sets/tune_600_d.txt,1000,0.3,0.1,-285
tuning_sets/tune_600_e.txt,1000,0.3,0.1,-282
tuning_sets/tune_600_e.txt,1000,0.3,0.1,-282
tuning_sets/tune_600_e.txt,1000,0.3,0.1,-261
tuning_sets/tune_600_e.txt,1000,0.3,0.1,-306
tuning_sets/tune_600_e.txt,1000,0.3,0.1,-232
tuning_sets/tune_600_a.txt,1000,0.3,0.2,-235
tuning_sets/tune_600_a.txt,1000,0.3,0.2,-272
tuning_sets/tune_600_a.txt,1000,0.3,0.2,-274
tuning_sets/tune_600_a.txt,1000,0.3,0.2,-279
tuning_sets/tune_600_a.txt,1000,0.3,0.2,-293
tuning_sets/tune_600_b.txt,1000,0.3,0.2,-284
tuning_sets/tune_600_b.txt,1000,0.3,0.2,-239
tuning_sets/tune_600_b.txt,1000,0.3,0.2,-285
tuning_sets/tune_600_b.txt,1000,0.3,0.2,-242
tuning_sets/tune_600_b.txt,1000,0.3,0.2,-254
tuning_sets/tune_600_c.txt,1000,0.3,0.2,-263
tuning_sets/tune_600_c.txt,1000,0.3,0.2,-198
tuning_sets/tune_600_c.txt,1000,0.3,0.2,-253
tuning_sets/tune_600_c.txt,1000,0.3,0.2,-252
tuning_sets/tune_600_c.txt,1000,0.3,0.2,-300
tuning_sets/tune_600_d.txt,1000,0.3,0.2,-274
tuning_sets/tune_600_d.txt,1000,0.3,0.2,-219
tuning_sets/tune_600_d.txt,1000,0.3,0.2,-252
tuning_sets/tune_600_d.txt,1000,0.3,0.2,-278
tuning_sets/tune_600_d.txt,1000,0.3,0.2,-219
tuning_sets/tune_600_e.txt,1000,0.3,0.2,-278
tuning_sets/tune_600_e.txt,1000,0.3,0.2,-243
tuning_sets/tune_600_e.txt,1000,0.3,0.2,-267
tuning_sets/tune_600_e.txt,1000,0.3,0.2,-258
tuning_sets/tune_600_e.txt,1000,0.3,0.2,-246
tuning_sets/tune_600_a.txt,1000,0.3,0.3,-258
tuning_sets/tune_600_a.txt,1000,0.3,0.3,-325
tuning_sets/tune_600_a.txt,1000,0.3,0.3,-211
tuning_sets/tune_600_a.txt,1000,0.3,0.3,-237
tuning_sets/tune_600_a.txt,1000,0.3,0.3,-257
tuning_sets/tune_600_b.txt,1000,0.3,0.3,-258
tuning_sets/tune_600_b.txt,1000,0.3,0.3,-276
tuning_sets/tune_600_b.txt,1000,0.3,0.3,-256
tuning_sets/tune_600_b.txt,1000,0.3,0.3,-283
tuning_sets/tune_600_b.txt,1000,0.3,0.3,-215
tuning_sets/tune_600_c.txt,1000,0.3,0.3,-239
tuning_sets/tune_600_c.txt,1000,0.3,0.3,-252
tuning_sets/tune_600_c.txt,1000,0.3,0.3,-255
tuning_sets/tune_600_c.txt,1000,0.3,0.3,-251
tuning_sets/tune_600_c.txt,1000,0.3,0.3,-257
tuning_sets/tune_600_d.txt,1000,0.3,0.3,-265
tuning_sets/tune_600_d.txt,1000,0.3,0.3,-239
tuning_sets/tune_600_d.txt,1000,0.3,0.3,-294
tuning_sets/tune_600_d.txt,1000,0.3,0.3,-289
tuning_sets/tune_600_d.txt,1000,0.3,0.3,-315
tuning_sets/tune_600_e.txt,1000,0.3,0.3,-220
tuning_sets/tune_600_e.txt,1000,0.3,0.3,-249
tuning_sets/tune_600_e.txt,1000,0.3,0.3,-207
tuning_sets/tune_600_e.txt,1000,0.3,0.3,-134
tuning_sets/tune_600_e.txt,1000,0.3,0.3,-281
tuning_sets/tune_600_a.txt,1000,0.3,0.4,-244
tuning_sets/tune_600_a.txt,1000,0.3,0.4,-210
tuning_sets/tune_600_a.txt,1000,0.3,0.4,-231
tuning_sets/tune_600_a.txt,1000,0.3,0.4,-291
tuning_sets/tune_600_a.txt,1000,0.3,0.4,-226
tuning_sets/tune_600_b.txt,1000,0.3,0.4,-136
tuning_sets/tune_600_b.txt,1000,0.3,0.4,-186
tuning_sets/tune_600_b.txt,1000,0.3,0.4,-224
tuning_sets/tune_600_b.txt,1000,0.3,0.4,-239
tuning_sets/tune_600_b.txt,1000,0.3,0.4,-271
tuning_sets/tune_600_c.txt,1000,0.3,0.4,-237
tuning_sets/tune_600_c.txt,1000,0.3,0.4,-165
tuning_sets/tune_600_c.txt,1000,0.3,0.4,-298
tuning_sets/tune_600_c.txt,1000,0.3,0.4,-287
tuning_sets/tune_600_c.txt,1000,0.3,0.4,-193
tuning_sets/tune_600_d.txt,1000,0.3,0.4,-234
tuning_sets/tune_600_d.txt,1000,0.3,0.4,-279
tuning_sets/tune_600_d.txt,1000,0.3,0.4,-260
tuning_sets/tune_600_d.txt,1000,0.3,0.4,-242
tuning_sets/tune_600_d.txt,1000,0.3,0.4,-266
tuning_sets/tune_600_e.txt,1000,0.3,0.4,-330
tuning_sets/tune_600_e.txt,1000,0.3,0.4,-276
tuning_sets/tune_600_e.txt,1000,0.3,0.4,-248
tuning_sets/tune_600_e.txt,1000,0.3,0.4,-238
tuning_sets/tune_600_e.txt,1000,0.3,0.4,-269
tuning_sets/tune_600_a.txt,1000,0.3,0.5,-270
tuning_sets/tune_600_a.txt,1000,0.3,0.5,-198
tuning_sets/tune_600_a.txt,1000,0.3,0.5,-252
tuning_sets/tune_600_a.txt,1000,0.3,0.5,-283
tuning_sets/tune_600_a.txt,1000,0.3,0.5,-213
tuning_sets/tune_600_b.txt,1000,0.3,0.5,-245
tuning_sets/tune_600_b.txt,1000,0.3,0.5,-215
tuning_sets/tune_600_b.txt,1000,0.3,0.5,-267
tuning_sets/tune_600_b.txt,1000,0.3,0.5,-229
tuning_sets/tune_600_b.txt,1000,0.3,0.5,-268
tuning_sets/tune_600_c.txt,1000,0.3,0.5,-266
tuning_sets/tune_600_c.txt,1000,0.3,0.5,-194
tuning_sets/tune_600_c.txt,1000,0.3,0.5,-291
tuning_sets/tune_600_c.txt,1000,0.3,0.5,-233
tuning_sets/tune_600_c.txt,1000,0.3,0.5,-270
tuning_sets/tune_600_d.txt,1000,0.3,0.5,-233
tuning_sets/tune_600_d.txt,1000,0.3,0.5,-236
tuning_sets/tune_600_d.txt,1000,0.3,0.5,-281
tuning_sets/tune_600_d.txt,1000,0.3,0.5,-268
tuning_sets/tune_600_d.txt,1000,0.3,0.5,-205
tuning_sets/tune_600_e.txt,1000,0.3,0.5,-251
tuning_sets/tune_600_e.txt,1000,0.3,0.5,-241
tuning_sets/tune_600_e.txt,1000,0.3,0.5,-244
tuning_sets/tune_600_e.txt,1000,0.3,0.5,-260
tuning_sets/tune_600_e.txt,1000,0.3,0.5,-162
